거리명,거리소개,소재지도로명,소재지지번주소,위도,경도,총길이,점포수,지정연도,관리기관전화번호,관리기관명,데이터기준일자,제공기관코드,제공기관명
선수벤댕이마을,지역 특색을 살린 음식 개발 육성하고 및 보급의 확산을 통하여 지역경제 발전 이바지,인천광역시 강화군 화도면 내리일원,,37.632067,126.396256,300,22,2009,032-930-3832,강화군청 환경위생과 위생팀,2020-09-18,3570000,인천광역시 강화군
외포리꽃게마을,지역 특색을 살린 음식 개발 육성하고 및 보급의 확산을 통하여 지역경제 발전 이바지,인천광역시 강화군 내가면 외포리일원,,37.706041,126.380544,2000,7,2012,032-930-3832,강화군청 환경위생과 위생팀,2020-09-18,3570000,인천광역시 강화군
강화별밤거리,지역 특색을 살린 음식 개발 육성하고 및 보급의 확산을 통하여 지역경제 발전 이바지,인천광역시 강화군 강화읍 관청리 일원,,37.752368,126.481831,300,19,2017,032-930-3832,강화군청 환경위생과 위생팀,2020-09-18,3570000,인천광역시 강화군
복수 한우음식특화거리,"한우만을 취급하는 한우 전문 식당거리 조성, 산과 강이 어우려진 자연환경과 조화를 이룬 한우전문 외식거리, 정육점과 음식점의 공동운영으로 저렴한 가격으로 최상의 한우 제공, 한우 전문 음식점 23개소",충청남도 금산군 복수면 복수로,,,,11900,19,2009,041-750-2505,충청남도 금산군청,2021-01-11,6440000,충청남도
추부 추어탕거리,"하늘이 준 건강선물 인삼과 추어탕이 어우려진 인삼추어탕거리 조성, 추어탕 전문식당 밀집으로 다양하고 고유한 전통추어탕의 맛을 취향, 별로 선택하여 맛볼 수 있는 전문 추어탕거리, 추어탕 전문 음식점 23개소",충청남도 금산군 추부면 마전로,,,,2000,20,2009,041-750-2505,충청남도 금산군청,2021-01-11,6440000,충청남도
금강변 민물어죽마을,"금산 상류 청정지역에서 자란 민물고기로 요리한 전문 어죽마을, 산과 강이 어우러진 천혜의 자연환경과 어우러져 최상의 휴양 명소로 자리잡은 원골에 민물 전문 음식마을 조성, 민물 · 어죽 및 매운탕 전문음식점 28개소",충청남도 금산군 제원면 금강로,,,,4700,22,2009,041-750-2505,충청남도 금산군청,2021-01-11,6440000,충청남도
서동공원 향토음식특화거리,서동공원(궁남지)의 연꽃단지와 연계하여 다른 지역과 특성화 및 차별화된 연 관련 음식을 개발하고 시설환경 정비 등 서비스 수준향상을 통한 향토음식점 거리 육성,충청남도 부여군 궁남로,충청남도 부여군 부여읍 동남리 277-9,36.272916,126.913191,815,32,2015,041-830-2591,충청남도 부여군 농업기술센터,2021-01-11,6440000,충청남도
홍주골 음식문화 거리,70여곳의 음식점이 밀집되어 있는 T자형 음식문화거리,충청남도 홍성군 법원로 월산로 일원,충청남도 홍성군 홍성읍 월산리 895-1,,,800,59,2014,041-630-9015,충청남도 홍성군보건소,2021-01-11,6440000,충청남도
불당동문화카페거리,75곳의 카페가 밀집되어 있는 카페거리,충청남도 천안시 서북구 불당16길,충청남도 천안시 서북구 불당동 1358,36.8003326,127.1068109,650,75,2014,041-521-5443,충청남도 천안시청,2021-01-11,6440000,충청남도
천안가구웨딩거리,웨딩과 가구점이 밀집되어 있는 거리,충청남도 천안시 서북구 백석로,충청남도 천안시 서북구 성정동 683-12,36.8186917,127.1403375,400,90,2008,041-521-5443,충청남도 천안시청,2021-01-11,6440000,충청남도
쌍용패션거리,의류상가가 밀집되어 있는 거리,충청남도 천안시 서북구 쌍용대로,충청남도 천안시 서북구 쌍용동 1164,36.8023879,127.1314602,450,95,2008,041-521-5443,충청남도 천안시청,2021-01-11,6440000,충청남도
휴대폰거리,휴대폰상가가 밀집되어 있는 거리,충청남도 천안시 서북구 중앙로,충청남도 천안시 동남구 성황동 92-4,36.8123042,127.1526589,200,12,2008,041-521-5443,충청남도 천안시청,2021-01-11,6440000,충청남도
공구상가거리,공구상가가 밀집되어 있는 거리,충청남도 천안시 서북구 신용로,충청남도 천안시 동남구 다가동 367-4,36.8011315,127.1436935,600,80,2008,041-521-5443,충청남도 천안시청,2021-01-11,6440000,충청남도
병천순대거리,순대국밥집이 밀집되어 있는 거리,충청남도 천안시 동남구 병천면 아우내순대길,충청남도 천안시 동남구 병천면 병천리 173-6,36.7617524,127.2991129,500,25,2008,041-521-5443,충청남도 천안시청,2021-01-11,6440000,충청남도
라온제나,금강하구언 강가에 카페와 레스토랑 횟집이 밀집되어 있는 음식문화 특화단지임,충청남도 서천군 장항읍 장산로,충청남도 서천군 마서면 당선리 93-4,36.005461,126.732254,1400,30,2012,041-950-4312,충청남도 서천군,2021-01-11,6440000,충청남도
인주장어촌,1970년대 아산만과 삽교천이 낚시로 유명해지면서 발전하기 시작한 장어특화거리,충청남도 아산시 인주면 아산만로 1520번길 11,,36.861626,126.868861,890,7,2009,041-540-2325,충청남도 아산시청,2021-01-11,6440000,충청남도
염치한우촌,20여년전 아산 도축장이 있을 때 부터 자연적으로 형성된 한우 특화거리,충청남도 아산시 염치읍 염성길 105,,36.815717,126.972821,200,7,2009,041-540-2325,충청남도 아산시청,2021-01-11,6440000,충청남도
온주맛고을,새로이 조성된 먹거리촌으로 다양한 먹거리와 함께 각종 문화재 등 주변 볼거리를 즐길 수 있다.,충청남도 아산시 외암로 1400(읍내동),충청남도 아산시 읍내동 288-3,36.76078763,127.0168754,400,24,2015,041-540-2325,아산시,2021-01-11,6440000,충청남도
광명패션문화의 거리,패션유통업체밀집지역,경기도 광명시 오리로,경기도 광명시 광명동 941~973,37.28447409,126.5120744,330,50,2000,02-2687-5578,패션유통사업협동조합,2020-12-14,3900000,경기도 광명시
광명가구문화의 거리,가구유통업체밀집지역,경기도 광명시 광명로,경기도 광명시 광명동 101-2,37.4827195,126.8556574,960,30,1998,02-2066-8848,가구유통사업협동조합,2020-12-14,3900000,경기도 광명시
밤일 음식문화의 거리,밤일마을의 유례는 밤나무가 많고 해가 잘 들어서 살기 좋은 마을로 전해지며 맛있고 정갈한 식당이 많은 곳으로 2013.03.26. 광명시 최초로 경기도 음식문화개선 특화거리로 지정 된 거리 입니다.,경기도 광명시 밤일로,경기도 광명시 하안동 839-4,37.45191125,126.8647976,1500,52,2013,02-2680-5484,광명시청 생활위생과,2020-12-14,3900000,경기도 광명시
중리동 가구특화거리,가정.사무용 가구 소매업,대전광역시 대덕구 한밭대로,,36.359634,127.431518,200,35,2000,042-608-6925,대전광역시 대덕구청,2020-06-25,3680000,대전광역시 대덕구
법동 먹거리 특화거리,요식업 위주의 식당 밀집지역,대전광역시 대덕구 계족산로 5번길,,36.365867,127.430762,300,153,2008,042-608-6925,대전광역시 대덕구청,2020-06-25,3680000,대전광역시 대덕구
목상동 음식특화거리,요식업 위주의 식당 밀집지역,대전광역시 대덕구 대덕대로 1470번길,,36.448438,127.411387,600,64,2013,042-608-6925,대전광역시 대덕구청,2020-06-25,3680000,대전광역시 대덕구
중리행복길 특화거리,요식업 위주의 식당 밀집지역,대덕구 중리로 20 ~ 중리남로1,,,,500,154,2019,042-608-6925,대전광역시 대덕구청,2020-06-25,3680000,대전광역시 대덕구
비래동문화음식특화거리,요식업 위주의 식당 밀집지역,대덕구 비래서로 43 ~ 우암로 461,,,,450,152,2020,042-608-6925,대전광역시 대덕구청,2020-06-25,3680000,대전광역시 대덕구
신탄진 e로움 맛집특화거리,요식업 위주의 식당 밀집지역,대덕구 신탄진동로 23번길 1 ~56,,,,250,50,2020,042-608-6925,대전광역시 대덕구청,2020-06-25,3680000,대전광역시 대덕구
신해철거리,마왕 신해철을 기념하기 위한 작업실과 조형물이 있는 거리,경기도 성남시 분당구 발이봉로3번길 3 일원,경기도 성남시 분당구 발이봉로3번길 3 일원,37.365733,127.126926,160,30,2018,031-729-8603,경기도 성남시 관광과,2021-05-31,3780000,경기도 성남시
왕십리여행자거리,모텔촌에 한국의 고유한 정서(대동여지도여행을 모티브로 로고제작)를 가미한 도로정비 및 담장특화를 통해 지역주민과 여행자들에게 매력적인 거리로 조성,서울특별시 성동구 왕십리로20길,서울특별시 성동구 왕십리도선동,37.563065,127.035354,360,41,2016,02-2286-5193,서울특별시 성동구청,2021-06-08,3030000,서울특별시 성동구
마장동 축산물 특화 거리,"마장축산물 시장을 지역의 역사와 문화, 관광자원과 연계하여 지역주민들과 관광객이  즐길 수 있는 거리로 조성",서울특별시 성동구 마장로31길 40,서울특별시 성동구 마장동 510-3,37.5697983,127.0384315,595,1262,2003,02-2281-4446,마장축산물시장상점가진흥사업협동조합,2021-06-08,3030000,서울특별시 성동구
음식문화특화거리,물왕동 주변 1.5KM 연음식 테마로드로 조성,"경기도 시흥시 동서로811번길, 경기도 시흥시 동서로857번길",경기도 시흥시 물왕동 151,37.38669547,126.8394896,1000,56,2010,031-310-2477,시흥시 보건소,2021-06-01,4010000,경기도 시흥시
건대맛의거리,일반음식점 및 휴게음식점,서울특별시 광진구 동일로22길,,37.540711,127.069953,1600,797,1995,02-450-7315,서울특별시 광진구청,2022-01-24,3040000,서울특별시 광진구
의정부부대찌개 거리,의정부시의 대표 음식인 부대찌개를 즐길 수 있는 거리,경기도 의정부시 호국로1297번길,경기도 의정부시 의정부동 214-4,37.74486335,127.0495144,170,12,2009,031-846-9977,(사)의정부부대찌개명품화협회,2021-07-13,3820000,경기도 의정부시
행복로 문화의거리,"의정부시의 구도심지역의 교통체계를 개선하고, 시민의 여가공간 확보와 젊음이 넘치는 거리 조성",경기도 의정부시 행복로,경기도 의정부시 의정부동 180-11,37.7394468,127.048226,607,247,2009,031-828-2963,의정부시 도로과,2021-07-13,3820000,경기도 의정부시
송현동 순대골목,송현동 시장통 골목에 자리한 특색음식거리,인천광역시 동구 화도진로 41번길 3,,37.475368,126.633316,91,7,1997,032-770-6523,인천광역시 동구청,2021-10-22,3500000,인천광역시 동구
류현진 거리,류현진 선수와 야구를 상징할 수 있는 대표거리(동산로 및 새천년로),인천광역시 동구 동산로 58,인천광역시 동구 송림동 97-12,37.472238,126.648069,1420,2,2016,032-770-6103,인천광역시 동구청,2021-10-22,3500000,인천광역시 동구
여성친화거리,여성들의 친화적인 거리,강원도 동해시 천곡로 77,강원도 동해시 천곡동 806,37.5254828640,129.1155381720,2000,100,2014,033-530-2102,강원도 동해시청,2021-10-21,4210000,강원도 동해시
매운탕거리,괴산의 향토음식인 민물매운탕을 특화시켜 거리를 조성,충청북도 괴산군 괴산읍 괴강로느티울길 8-2,,36.805161,127.819195,800,8,2010,043-830-3473,괴산군청,2021-10-21,4460000,충청북도 괴산군
박종철거리,민주열사 박종철을 기념하는 거리,서울특별시 관악구 대학5길,관악구 신림동 246-1,37.469303,126.938215,100,15,2007,02-879-5603,서울특별시 관악구청,2021-10-15,3200000,서울특별시 관악구
녹동구항 음식특화거리,녹동구항 음식거리 일부를 유럽풍의 옥외음식 영업가능 거리로 조성,전라남도 고흥군 도양읍 비봉로 177,전라남도 고흥군 도양읍 봉암리 2786,34.52567024,127.1357486,90,12,2017,061-830-5442,전라남도 고흥군청(관광정책실),2021-10-19,4880000,전라남도 고흥군
사후면세점 특화거리,"목포상권에 중국관광객을 유치하기 위해 목포역 인근 차 없는 거리를 중심으로 집단 사후면세점 지정, 쇼핑지도 제작, 중국어 안내판 정비, 상설이벤트 진행 등 쇼핑 특화거리를 조성","전라남도 목포시 영산로, 호남로 등",전라남도 목포시명륜동 6-16,,,47700,53,2015,061-270-8636,전라남도 목포시청,2021-10-19,4800000,전라남도 목포시
능마루맛의거리,일반음직점 및 휴게음식점,서울특별시 광진구 능동로36길,,37.555614,127.081179,360,73,1995,02-450-7315,서울특별시 광진구청,2022-01-24,3040000,서울특별시 광진구
상주읍성 문화거리,옛 읍성의 서쪽길로 문화의 거리 조성,경상북도 상주시 서성3길,경상북도 상주시 서성동 92-1,36.417804,128.161530,300,69,2014,054-537-7587,상주시,2020-07-13,5110000,경상북도 상주시
이대특화거리,"이대전철역~신촌기차역의 약 500m 가량의 거리, 외국인 관광객, 대학생, 일반인 등 유동인구가 많은 지역. 거리가게의 무질서한 영업으로 상가 및 보행자 불편 등의 지속적 민원이 제기되어 거리가게 개선사업을 통해 깨끗하고 아름다운 거리 조성",서울특별시 서대문구 이화여대길 7 인근,서울특별시 서대문구 대현동 40-4 인근,37.557244,126.945642,500,155,2016,02-330-8464,서대문구청,2021-08-01,3120000,서울특별시 서대문구
순천시 문화의 거리,"천년의 역사를 간직하고 있는 순천시의 영동 행동 금곡동 일원은 1309년 순천 지명이 처음 등장한 이후 현재까지 전남 동부권의 역사. 문화. 교육. 행정의 중심지였다.문화의 거리에는 옛 문화의 정취를 느낄 수 있는 700년 순천부읍성, 순천향교, 임청대 등 다양한 전통문화유산과 100년 전 미국선교사들이 순천에 자리 잡아 만들어진 근대기 마을 등 순천 사람들이 살아왔던 이야기와 풍경들이 있다.1000년을 넘게 이어져온 순천의 이야기는 도심의 현대화, 도시 중심기능 및 상권의 이동에 따라 쇠퇴하게 된다. 순천시는 원도시의 정체성을 되찾고 신시가지와 상생할 수 있는 방안으로 원도심이 가진 풍부한 역사문화자원을 활용하여 ’천년의 역사 문화가 숨 쉬는 거리’ 조성사업을 추진하였다.",전라남도 순천시 금곡길 28 일원,전라남도 순천시 행동 95,34.955031,127.482463,750,113,2008,061-749-4433,문화예술과,2021-07-30,4820000,전라남도 순천시
이태원길,지역 상업지구 주변을 문화와 감성의 예술거리 브랜드화하여 새로운 젊음의 거리를 통한 지역경제 활성화,대구광역시 북구 동천로 129-16(일원),대구광역시 북구 동천동 903-2(일원),35.94356443,128.559157,720,260,2019,053-665-4322,대구광역시 북구청,2021-07-23,3450000,대구광역시 북구
인교동오토바이골목,"이 곳은 본래 하천이 흐르던 지역이었으나 1953년 하천이 복개되고 1961년 인교동 154번지 서울오토바이상회를 시작으로 오토바이 관련상가가 밀집되면서 오늘날의 오토바이골목이 형성되었습니다. 서울, 대전의 오토바이상가와 함께 전국의 대표적인 오토바이골목으로 현재 60여개 관련 업소가 영업중에 있으며, 저렴한 가격으로 다양한 오토바이를 판매하고 있어서 많은 사람들이 찾고 있습니다.",대구광역시 중구 시장북로 서성로13길 64,대구광역시 중구 시장북로 20-2,35.87198956,128.5837897,450,55,2011,053-661-2647,대구광역시 중구청,2021-07-09,3410000,대구광역시 중구
종로· 진골목,"종루 앞에 직선으로 뻗은 길을 종로라고 했는데 과거 영남제일관에서 포정문까지 이르는 거리를 말한다. 구한말부터 화교들이 정착하기 시작했으며 대구에서 최초로 가구상들이 밀집했던 곳이기도 하다. 현재는 남성로 네거리를 중심으로 전통차, 다기세트, 한방, 골동품상들이 모여 전통물품 판매 상권을 형성하고 있다. 경상도 말로 ‘길다’에서 기원하는 진골목은 조선시대부터 이어져 왔으며 근대 초기 부자들이 사는 동네로 유명했다. 근대 문화재와 전통한옥들이 많이 남아있으며 미도다방, 정소아과의원, 진골목식당 등 훌륭한 풍경과 먹거리들이 어우러진 보행 관광지로 자리잡고 있으며 또한 나눔을 실천하는 「착한골목 4호」로 지정되기도 하였다.",-,대구광역시 중구 종로2가 60-1,35.86828328,128.593013,600,110,2012,053-661-2647,대구광역시 중구청,2021-07-09,3410000,대구광역시 중구
향촌동 수제화골목,"과거 향촌동 일대는 예술인들이 즐겨찾는 문화의 거리였다. 1970년대부터 수제화공장 및 전문점이 하나둘씩 들어서 1980년대 본격적으로 수제화 골목으로 불리기 시작했다. 현재 향촌동 점포 및 공장, 재료상, 구두수리점이 모여 있으며, 디자인, 제단, 미싱, 신발바닥 등 수제화 기술분야의 장인들이 순수 100 가죽 수제화를 생산하고 있다. 생산된 제품은 전국으로 납품하고 있다.",대구광역시 중구 서성로14길 78,대구광역시 중구 대안동 19-3,35.87285539,128.5918285,300,58,2012,053-661-2647,대구광역시 중구청,2021-07-09,3410000,대구광역시 중구
복수 한우음식특화거리,"한우만을 취급하는 한우 전문 식당거리 조성, 산과 강이 어우려진 자연환경과 조화를 이룬 한우전문 외식거리, 정육점과 음식점의 공동운영으로 저렴한 가격으로 최상의 한우 제공, 한우 전문 음식점 23개소",충청남도 금산군 복수면 복수로,,,,11900,8,2009,041-750-4013,충청남도 금산군청,2021-10-17,4550000,충청남도 금산군
추부 추어탕거리,"하늘이 준 건강선물 인삼과 추어탕이 어우려진 인삼추어탕거리 조성, 추어탕 전문식당 밀집으로 다양하고 고유한 전통추어탕의 맛을 취향, 별로 선택하여 맛볼 수 있는 전문 추어탕거리, 추어탕 전문 음식점 23개소",충청남도 금산군 추부면 마전로,,,,2000,20,2009,041-750-4013,충청남도 금산군청,2021-10-17,4550000,충청남도 금산군
금강변 민물어죽마을,"금산 상류 청정지역에서 자란 민물고기로 요리한 전문 어죽마을, 산과 강이 어우러진 천혜의 자연환경과 어우러져 최상의 휴양 명소로 자리잡은 원골에 민물 전문 음식마을 조성, 민물 · 어죽 및 매운탕 전문음식점 28개소",충청남도 금산군 제원면 금강로,,,,4700,22,2009,041-750-4013,충청남도 금산군청,2021-10-17,4550000,충청남도 금산군
퀸스로드 의류패션 명물거리,정통 유럽형 아울렛 단지로 쇼핑과 문화를 즐기는 복합문화공간,대구광역시 서구 평리로35길 18-8,대구광역시 서구 중리동 1136-167,35.86144513,128.5442471,942,90,2004,053-663-2643,대구광역시 서구청,2021-10-13,3430000,대구광역시 서구
서부오味가味거리,전통시장을 현대화하여 다양한 매뉴의 음식점 운영,대구광역시 서구 달서로 144-8,대구광역시 서구 비산동 434-14,35.8756599191,128.5722264696,280,50,2015,053-663-2654,대구광역시 서구청,2021-10-13,3430000,대구광역시 서구
원대가구 명물거리,유명브랜드 가구 및 사무용가구 전시 판매,대구광역시 서구 원대동1가 고성로 90,대구광역시 서구 원대동1가 173,35.88307256,128.5758974,730,33,2008,053-663-2643,대구광역시 서구청,2021-10-13,3430000,대구광역시 서구
큰장길 침구류 명물거리,침구류 상점 운영,대구광역시 서구 큰장로 81,대구광역시 서구 내당동 1008-46,35.8668933,128.5752095,1920,74,2004,053-663-2643,대구광역시 서구청,2021-10-13,3430000,대구광역시 서구
남한산성 백숙거리,"남한산성 안에는 아주 먼 과거부터 사람들이 살기 시작하여 지금까지도 마을이 존재하고 있으며, 남한산성을 향해 구불거리는 숲길을 올라가다 보면 마을이 나타난다. 해발 400M 위치에 있는 경기도 광주시 남한산성면 산성리. 마을에 들어서면 사방이 성벽으로 둘러싸여 있고, 한옥 기와집들이 옹기종기 모여 있어서 참 아늑하다. 이 마을 주민들 대부분은 2, 3대째 닭과 오리백숙 음식점을 운영하며, 성 안에 살고 있는 토박이들이다. 그 오랜 세월 맥을 이어 온 음식은 바로 닭백숙. 총80여개의 음식점 중에 40여개의 곳이 닭백숙과 오리백숙을 팔고 있다. 이 곳 상인들은 상인회를 조직하여 닭과 오리를 공동구매하고, 여가활동 등을 함께 하는 이웃사촌으로 그 안에서 음식에 대한 맛과 정성도 뛰어나 많은 사람들이 찾고 있다. 또한 2014년에는 한국관광공사에서 음식테마거리로도 선정된바 있으며, 닭백숙은 인조임금이 항복을 결정하고 남한산성을 떠날 때 수라상궁이 임금님께 보양식으로 닭백숙을 올린 이래, 남한산성을 대표하는 토종음식으로 자리 잡게 되었다고 한다.",경기도 광주시 남한산성면 남한산성로 774,,37.478003,127.184304,48,80,2014,031-760-8437,경기도 광주시청,2021-10-05,5540000,경기도 광주시
곤지암 소머리국밥 거리,예부터 경상도 지방에서 과거를 보러 가기 위해 지나던 길목 중 이곳에서 숙식할 때 주식으로 먹던 소머리국밥은 뜨거운 사골국물을 밥에 붓고 소 머릿고기를 썰어 함께 담아 양념장을 곁들여 먹는 국밥으로 맛이 아주 일품이다.,경기도 광주시 곤지암로 50번길,,37.350565,127.339584,320,8,2016,031-760-8437,경기도 광주시청,2021-10-05,5540000,경기도 광주시
분원 붕어찜 마을,"분원붕어찜은 1970년대 팔당댐이 건설되고, 붕어를 이용한 요리가 개발되면서 손님이 점차 늘어나 현재의 분원마을 명물로 자리잡게 되었다. 팔당댐에서 잡은 붕어를 사용하여 인삼을 다져 양념장에 섞어 붕어의 비린 맛을 제거해 주며 우거지, 수제비 등을 넣어 별미이다. 분원 붕어찜은 얼큰하고 진한 양념맛이 밴 살코기와 우거지, 버섯, 깻잎, 쑥갓 등의 조화가 일품이다. 생선 살을 발라먹고 난 후, 양념이 잘 밴 시래기를 밥에 얹어 먹으면 분원붕어찜의 참맛을 느낄 수 있다.",경기도 광주시 남종면 산수로 1616,,37.495366,127.301152,700,31,2016,031-760-8437,경기도 광주시청,2021-10-05,5540000,경기도 광주시
김호중 소리길,김천예술고등학교에서 교동 연화지까지 이어지는 김호중 거리,경상북도 김천시 한일길 11-30,,,,100,15,2020,054-420-6824,김천시청,2021-10-10,5060000,경상북도 김천시
봉황로 문화의 거리,전통과 문화예술 관련 시설이 밀집되어 있는 거리,경상북도 경주시 봉황로 45,경상북도 경주시 노서동 14-1,35.84350602,129.2099736,540,73,2009,054-779-6147,경상북도 경주시청,2021-10-01,5050000,경상북도 경주시
꿈안전어울림꽃피는 여성친화 골목길,태안군 태안읍 동문2·4리에 위치한 대지길은 태안중학교 후문에서 시작해 터널길까지 약0.3km정도로 등하교를 하는 학생 뿐만 아니라 시내에 인접하여 마을 주민들도 많이 이용하는 거리 로서  꽃과 함께 청소년 쉼터 테마거리로 조성하여 ① 청년층에게 새로운 문화의 장으로 ② 중?장년층에는 옛시절 향수를 불러일으킬 수 있는 거리로 ▲ 모든 세대가 서로 공감하며 소통할 수 있는 문화공간,충청남도 태안군 태안읍 대지길 34,충청남도 태안군 태안읍 동문리 839-3,36.75436153,126.2994454,260,60,2016,041-670-2277,태안군,2020-06-23,4620000,충청남도 태안군
성곽 예술문화거리,"갤러리, 예술가 작업실, 공연 등 문화와 예술을 즐길 수 있는 거리",서울특별시 중구 동호로17길,서울특별시 중구 신당동 821,37.554144,127.004781,1050,6,2015,02-3396-5952,서울특별시 중구청,2018-08-24,3010000,서울특별시 중구
서애대학문화거리,필동 서애길~동국대~남산~한옥마을~충무로 일대 젊음과 문화가 있는 대학거리,서울특별시 중구 필동 서애로,서울특별시 중구 퇴계로44길 16,37.561200,126.997080,1000,120,2014,02-3396-5064,서울특별시 중구청,2018-08-24,3010000,서울특별시 중구
충무로 한류문화거리,한국영화의 역사가 배어있는 충무로 일대를 새로운 문화예술의 중심지로 발전시킴,서울특별시 중구 충무로,서울특별시 중구 충무로3가 43,37.562590,126.992600,801,310,2011,02-3396-4642,서울특별시 중구청,2018-08-24,3010000,서울특별시 중구
회현동 명소거리 남산옛길,회현역에서 남산에 이르는 다양한 코스 개발,서울특별시 중구 퇴계로 8길 외,,37.558523,126.979731,1410,0,2014,02-3396-4643,서울특별시 중구청,2018-08-24,3010000,서울특별시 중구
화평동 냉면거리,세숫대야 냉면으로 유명한 특색음식거리,인천광역시 동구 화평로 10,인천광역시 동구 화평동 531-100,37.477941,126.630196,320,12,1997,032-770-6523,인천광역시 동구청,2021-10-22,3500000,인천광역시 동구
광주 웨딩의 거리,예식을 준비하는 신랑 신부님을 위한 웨딩샵이 밀집되어 있는 거리,광주광역시 동구 서석로7번길 2(불로동),광주광역시 동구 불로동 99-1,35.1453212643,126.9148458393,250,60,2000,062-608-2114,광주광역시 동구청,2022-01-01,6290000,광주광역시
동리단길카페거리,"전남여고에서부터 조선대학교 방향으로 이어지는 길과 주변 골목길을 통칭하며, 서울의 경리단길과 거리 모습이 비슷하다 하여 젊은이들 사이에서 동리단길로 불리고 있는 거리. 이색 카페와 맛집으로 젊은이들 사이에서 데이트 코스로 인기가 높은 거리.",광주광역시 동구 동명로 12 (장동),광주광역시 동구 장동 58-85,35.1500592695,126.9230670875,625,100,2010,062-608-2114,광주광역시 동구청,2022-01-01,6290000,광주광역시
서남동&금동 인쇄의 거리,"1940년대 옛 전남도청 주변으로 인쇄업체가 하나둘씩 터를 잡으며 시작됨. 기획과 편집, 제판업체, 인쇄소, 종이 판매상 등이 들어오면서 자연스럽게 인쇄 산업 클러스터 형성.",광주광역시 동구 문화전당로23번길 6-4 (남동),광주광역시 동구 남동 167-6,35.1446674167,126.9190321,441,100,1985,062-608-2114,광주광역시 동구청,2022-01-01,6290000,광주광역시
공구의거리,다양성과 전문성을 갖춘 공구 특화 상점가,광주광역시 북구 하남대로,광주광역시 북구 운암동 1428,35.172019,126.8797518845,1200,210,2003,062-410-6547,광주광역시 북구청,2021-12-31,3620000,광주광역시 북구
자동차의거리,"차량용부품, 수리 및 튜닝에 대한 모든것을 찾을 수 있는 자동차 관련 상점가",광주광역시 북구 자동차로,광주광역시 북구 임동 11-4,35.1627535851,126.9001118044,1600,147,2003,062-410-6547,광주광역시 북구청,2021-12-31,3620000,광주광역시 북구
건축자재의거리,건설/건축에 필요한 모든 자재를 구할 수 있는 자재 전문 거리,광주광역시 북구 독립로,광주광역시 북구 중흥동 662-2,35.159857,126.9138253637,1500,153,2003,062-410-6547,광주광역시 북구청,2021-12-31,3620000,광주광역시 북구
패션의거리,패션과 문화를 함께 누릴 수 있는 광주 최대 의류업체 밀집거리,광주광역시 북구 설죽로,광주광역시 북구 용봉동 1371-1,35.1799482251,126.8977165833,1200,68,2010,062-410-6547,광주광역시 북구청,2021-12-31,3620000,광주광역시 북구
오리요리의거리,광주 명물음식 오리탕 전문업소가 밀집된 대표거리,광주광역시 북구 경양로,광주광역시 북구 유동 102-2,35.1612649871,126.9056156205,300,12,2003,062-410-6547,광주광역시 북구청,2021-12-31,3620000,광주광역시 북구
일곡동 원스푸드특화거리,원스푸드 특화거리로 남은음식 재사용 없는 좋은식단 자율 실천업소 조성거리,광주광역시 북구 일곡마을로,광주광역시 북구 일곡동 398-1,35.2094476442,126.8908972170,1200,26,2011,062-410-6700,광주광역시 북구청,2021-12-31,3620000,광주광역시 북구
임동 야구의거리,타이거즈 전설이 되살아나는 야구의 거리,광주광역시 북구 임동 서림로,광주광역시 북구 임동 171,35.165459,126.8943521558,1200,167,2017,062-410-6753,광주광역시 북구청,2021-12-31,3620000,광주광역시 북구
에덴맛길,하단동 동아대 근처 젊음의 거리를 따라 형성된 맛집 로드,부산광역시 사하구 낙동남로1423번길,,35.112047,128.963671,3780,50,2019,051-220-4412,부산광역시 사하구청,2021-12-16,3340000,부산광역시 사하구
한의약거리,한약재  판매점포 및 한의원등이 밀집해 있는 거리로 한의약에 대한 정보를 제공받을 수있음.,대전광역시 동구 중앙로 203번길 8,대전광역시 동구 중동 64-19,36.331282,127.4315912224,250,90,1997,042-251-4613,대전 동구청 일자리경제과 시장활성화,2021-12-17,3640000,대전광역시 동구
인쇄거리,예전 출판업이 번성했을 당시 지정되었던 거리로 인쇄업체가 밀집하여 있음.,대전광역시 동구 태전로 18,대전광역시 동구 중동 21-26,36.3322218168,127.430403,750,422,1997,042-251-4613,대전 동구청 일자리경제과 시장활성화,2021-12-17,3640000,대전광역시 동구
한복거리,중앙시장활성화구역안에 밀집해 있는 한복과 원단등을 주로 판매하는 구역,대전광역시 동구 중앙로 200번길 104,대전광역시 동구 원동 85-26,36.3264648244,127.4335963404,300,410,1997,042-251-4613,대전 동구청 일자리경제과 시장활성화,2021-12-17,3640000,대전광역시 동구
공구거리,"대전역주변 구역으로 각종 공구 ,철물들을 판매하는 업체가 밀집",대전광역시 동구 대전로 774,대전광역시 동구 원동 20-13,36.3289164421,127.4342508741,250,35,1998,042-251-4613,대전 동구청 일자리경제과 시장활성화,2021-12-17,3640000,대전광역시 동구
건설건축자재거리,건설건축자재를 판매하는 업체가 밀집하여 있는 구역,대전광역시 동구 충무로 190-24,대전광역시 동구 인동 44-2,36.3202822613,127.4374648313,1000,69,1999,042-251-4613,대전 동구청 일자리경제과 시장활성화,2021-12-17,3640000,대전광역시 동구
중부건어물,중동지역 건어물 판매상이 밀집,대전광역시 동구 813번길 53,대전광역시 동구 중동 30-3,36.3312936449,127.4292642797,110,58,2002,042-251-4613,대전 동구청 일자리경제과 시장활성화,2021-12-17,3640000,대전광역시 동구
건대로데오거리,유명 의류 상설할인매장 및 일반상점가가 밀집되어 있는 젊은 패션 문화의 거리,서울특별시 광진구 동일로20길,,37.53963156,127.0695303,610,60,2000,02-450-7315,서울특별시 광진구청,2022-01-24,3040000,서울특별시 광진구
중곡동가구거리,"혼수용가구, 공예가구, 나전칠기, 주방가구, 사무용가구, 수입가구 등 다양한 가구가 밀집되어 있는 서울의 대표 가구거리",서울특별시 광진구 천호대로(군자교에서 어린이대공원 후문),,37.55647745,127.0809738,1400,40,1995,02-450-7315,서울특별시 광진구청,2022-01-24,3040000,서울특별시 광진구
구의역미가로,일반음식점 및 휴게음식점,서울특별시 광진구 자양로18길,,37.537912,127.085795,600,208,1995,02-450-7315,서울특별시 광진구청,2022-01-24,3040000,서울특별시 광진구
건대양꼬치거리,일반음식점 및 휴게음식점,서울특별시 광진구 동일로18길,,37.538064,127.068975,550,75,1995,02-450-7315,서울특별시 광진구청,2022-01-24,3040000,서울특별시 광진구
방어축제거리,국토 최남단 방어축제특화거리는 맑고 깨끗한 모슬포 지역에서 생산되는 농산물과 마라도. 가파도 청정해역에서 잡히는 자연산 활어와 해산물을 사계절 내내 만날 수 있는 거리이다.,제주특별자치도 서귀포시 대정읍 신영로72번길 14,,33.2197338,126.2511799,250,47,2011,064-710-3078,제주특별자치도 소상공인기업과,2021-06-24,6520000,제주특별자치도 서귀포시
칠십리음식특화거리,서귀포의 칠십리 해안을 따라 조성된 음식특화거리로서. 청정 제주 바닷가에서 갓 낚아 올린 싱싱한 재료로 만든 제주의 향토음식을 만나 볼 수 있는 곳이다.,제주특별자치도 서귀포시 칠십리로 119,,33.2427423,126.5673082,1700,38,2008,064-710-3078,제주특별자치도 소상공인기업과,2021-06-24,6520000,제주특별자치도 서귀포시
솔동산문화의거리,"지역문화와 관광객 유치를 위해 가로등, 간판, 공원, 공연무대 등 도로 및 문화시설물을 정비 확충하여 가장 걷고 싶게 조성된 거리이다",제주특별자치도 서귀포시 솔동산로 2,,33.2445943,126.5641816,900,30,2009,064-760-2480,서귀포시 문화예술과,2021-06-24,6520000,제주특별자치도 서귀포시
생선회 특화지역,세계최대규모의 횟집 및 생선회 취급업소가 밀집한 민락횟촌,부산광역시 수영구 광안해변로~민락수변로 일원,,35.156926,129.126241,500,130,2011,051-610-4404,부산광역시 수영구청,2021-05-26,3380000,부산광역시 수영구
서문가구특화거리,다양한 브랜드의 가구판매장과. 주문제작공장. 가구수리점 등이 자리잡고 있는 도내 최대의 가구상권거리이다.,제주특별자치도 제주시 서문로 38-1,,33.5105169,126.5155358,250,23,2014,064-710-3076,제주특별자치도 경제일자리정책과,2021-06-15,6500000,제주특별자치도
천지동 아랑조을거리,아랑조을거리는 알아서 좋을 거리 라는 뜻의 제주어로. 2013년 농림축산식품부 지정 우수외식업지구에 포함된 맛집특화거리이다.,제주특별자치도 서귀포시 중앙로 47번길 10,,33.2487319,126.5606428,700,63,2005,064-710-3076,제주특별자치도 경제일자리정책과,2021-06-15,6500000,제주특별자치도
명동로/이중섭거리,많은 작품을 남긴 비운의 천재 이중섭 화백의 기념 미술관이 있는 거리이다.,제주특별자치도 서귀포시 명동로 19,,33.2474463,126.5639289,1000,200,1996,064-710-3076,제주특별자치도 경제일자리정책과,2021-06-15,6500000,제주특별자치도
방어축제거리,국토 최남단 방어축제특화거리는 맑고 깨끗한 모슬포 지역에서 생산되는 농산물과 마라도. 가파도 청정해역에서 잡히는 자연산 활어와 해산물을 사계절 내내 만날 수 있는 거리이다.,제주특별자치도 서귀포시 대정읍 신영로72번길 14,,33.2197338,126.2511799,250,47,2011,064-710-3076,제주특별자치도 경제일자리정책과,2021-06-15,6500000,제주특별자치도
흑돼지거리,30년의 오랜 전통을 자랑하고 있는 제주별미 흑돼지거리로. 인근에는 동문시장. 칠성로상점가 등이 있어 관광객들에게 인기가 많은 곳이다.,제주특별자치도 제주시 관덕로15길 26,,33.5155238,126.526964,200,9,2009,064-710-3076,제주특별자치도 경제일자리정책과,2021-06-15,6500000,제주특별자치도
칠십리음식특화거리,서귀포의 칠십리 해안을 따라 조성된 음식특화거리로서. 청정 제주 바닷가에서 갓 낚아 올린 싱싱한 재료로 만든 제주의 향토음식을 만나 볼 수 있는 곳이다.,제주특별자치도 서귀포시 칠십리로 119,,33.2427423,126.5673082,1700,38,2008,064-710-3076,제주특별자치도 경제일자리정책과,2021-06-15,6500000,제주특별자치도
국수문화거리,국수문화거리는 제주의 전통음식인 고기국수를 맛볼수 있는 특색있는 음식특화거리로서. 도민 및 관광객들에 오랫동안 사랑받아온 곳이다.,제주특별자치도 제주시 신산로 91,,33.5058163,126.535489,1000,9,2009,064-710-3076,제주특별자치도 경제일자리정책과,2021-06-15,6500000,제주특별자치도
누웨마루거리,제주의 관문이자 글로벌 관광명소인 연동에 위치한 차 없는 거리로 다양한 문화컨텐츠와 연계한 쇼핑특화거리이다.,제주특별자치도 제주시 연동7길 31,,33.4870442,126.4908404,450,148,2009,064-710-3076,제주특별자치도 경제일자리정책과,2021-06-15,6500000,제주특별자치도
서부두 명품횟집거리,제주도에서 가장 오래된 횟집거리로서. 공항에서 15분거리에 위치하여 접근이 용이하며 사시사철 신선한 횟감과 친절한 상인들을 만날수 있는 곳이다.,제주특별자치도 제주시 서부두길 16,,33.5176714,126.528338,250,16,2008,064-710-3076,제주특별자치도 경제일자리정책과,2021-06-15,6500000,제주특별자치도
진평음식특화거리,젊은층의 독특한 문화와 음식이 있는 거리 조성으로 관광 인프라 및 지역경제 활성화기여,경상북도 구미시 인동28길 20 일원,경상북도 구미시 진평동 79-4,36.094781,128.427982,480,60,2015,054-480-5542,경상북도 구미시청,2021-06-15,5080000,경상북도 구미시
북성공구골목,"국산공구가 생산되지 않던 1947년경 지금의 인교동 달성공원 입구 골목(당시 푸른다리)에서 미군부대로부터 불하된 폐공구를 수집하던 11명이 영업을 시작하게 된 것이 시초가 되었고, 기계공업의 발달로 관련업소가 계속 늘어나 집단상가를 이루면서 오늘날의 공구골목이 형성되었습니다. 현재 400여개의 업체가 각종 산업용 공구를 판매하고 있으며 공구골목의 역사와 애환을 담은 북성로공구박물관이 개관되었습니다.",대구광역시 중구 북성로2가 북성로 65-2,대구광역시 중구 북성로2가 61,35.87406657,128.5895968,1150,420,2011,053-661-2647,대구광역시 중구청,2021-07-09,3410000,대구광역시 중구
약전골목,"남성로 중앙치안센터 맞은편에는 170여개의 한약방과 한의원이 즐비하게 늘어서 있습니다. 도로를 따라 600여미터나 이어지는 이 약전골목은 조선시대(효종9년,1658년)에 개설된 약령시에 기원을 두고 있습니다. 대구는 약재의 본산지인 경상도를 배후에 두고 낙동강을 통한 운송도 수월하여 약령시가 자연스럽게 형성되었습니다. 조선시대 대구 약령시는 약재 수확기인 봄, 가을에 맞추어 한해에 두 번씩 열렸는데 성시를 이룰 때는 대구인구보다 약령시 출시자가 많을 정도였다고 합니다. 그러나 서양의 양약이 보급되고 일제의 탄압정책이 가중되면서 약령시는 점차 쇠퇴의 길로 들어서고 현재 자리에 약전골목이 조성되어 맥을 잇고 있습니다. 근래 들어 한약에 대한 일반인의 관심이 높아지면서 약전골목은 옛 명성을 회복하고 있고, 매년 5월의 약령시축제와 2003년 한방특구 지정, 약령시한의약박물관 건립으로 새롭게 활기를 띄고 있습니다. 약령시회관 2층의 약령시전시관에서는 인삼,산삼,녹용,해마 등 각종 한약재를 비롯하여 [동의보감], [동의수세보원] 등의 한의서와 약연,약작두 등의 한방기구 등 한방관련용품 300여 점이 전시되어 있습니다.",대구광역시 중구 남성로 남성로 25,대구광역시 중구 남성로 51-6,35.86807041,128.5896956,630,183,2011,053-661-2647,대구광역시 중구청,2021-07-09,3410000,대구광역시 중구
진영 패션 아울렛 거리,아웃도어 판매 특성화 거리,경상남도 김해시 진영읍 진산대로 일원,경상남도 김해시 진영읍 진영리 737,35.3216120181,128.7138545719,2000,64,2018,055-330-3414,김해시청 지역경제과,2021-10-15,5350000,경상남도 김해시
40계단문화관광테마거리,6.25피난민들의 애환이 살아있는 40계단주변 테마거리,부산광역시 중구 중앙동4가 27,,35.1039176,129.0324054,1697,65,2002,051-600-4042,부산광역시 중구청,2021-10-18,3250000,부산광역시 중구
영화의거리,121년의 역사를 가진 부산영화의 메카로서 부산국제영화제가 탄생한 영화거리(BIFF광장 일원),부산광역시 중구 남포동6가 85,,35.098738,129.027566,400,100,1996,051-600-4062,부산광역시 중구청,2021-10-18,3250000,부산광역시 중구
보수동책방골목거리,6.25피난시절 자연발생한국내 유일의 헌책방 테마거리,부산광역시 중구 보수동1가 119,,35.103456,129.026533,350,50,2009,051-600-4062,부산광역시 중구청,2021-10-18,3250000,부산광역시 중구
엔터테이너 거리,"광복동, 남포동 뒷골목 문화예술인들의 스토리와 엔터테이너들의 추억담을 들을 수 있는 테마거리",부산광역시 중구 남포길/구덕로14번길,,35.098512,129.032231,630,100,2017,051-600-4086,부산광역시 중구청,2021-10-18,3250000,부산광역시 중구
청산생선국수음식거리,청정지역에서 서식하는 민물고기를 이용한 생선국수와 도리뱅뱅이 등을 맛 볼 수 있는 음식거리,"충청북도 옥천군 청산면 지전길, 남부로 일원",,36.3447472,127.789367,567,7,2018,043-730-3423,충청북도 옥천군청,2021-10-19,4430000,충청북도 옥천군
더리미장어마을,지역 특색을 살린 음식 개발 육성하고 및 보급의 확산을 통하여 지역경제 발전 이바지,인천광역시 강화군 선원면 신정리일원,,37.726852,126.507941,200,6,2000,032-930-3832,강화군청 환경위생과 위생팀,2020-09-18,3570000,인천광역시 강화군
계양맛길 음식문화시범거리,"계양맛길에는 한식,일식,중식 등 각종 음식점이 밀집해 있어 입맛따라 메뉴를 선택할 수 있습니다. 맛길주변에 미래광장과 공원이 있어 맛있는 음식을 먹은 후 산책을 해도 좋습니다.",인천광역시 계양구 오조산로,인천광역시 계양구 계산동 1102,37.53437317,126.737461,1440,135,2008,032-450-5424,인천광역시 계양구,2021-04-19,3550000,인천광역시 계양구
용종마을 음식문화시범거리,"용종마을은 소문난 맛집이 많고, 웰빙 위주의 깔끔한 식단으로 가족 단위의 외식장소로 많은 사랑을 받고 있습니다.",인천광역시 계양구 용마루길,인천광역시 계양구 용종동 219-6,37.5421825,126.7446189,2610,21,2010,032-450-5424,인천광역시 계양구,2021-04-19,3550000,인천광역시 계양구
무로거리,내외동 식당 밀집 지역 특성화 거리,경상남도 김해시 함박로 119번길 일원 (내외동),경상남도 김해시 내동 1162,35.2356971222,128.867470,260,112,2018,055-330-3414,김해시청 지역경제과,2021-10-15,5350000,경상남도 김해시
마지리벽화마을,말과 소로 대표되는 마을의 특성을 벽화로 표현,"경기도 파주시 적성면 솥뒤로 37번길, 57번길 일대","경기도 파주시 적성면 마지리 39번지, 172번지 일대",37.9541803,126.9184111,276,0,2015,031-940-8184,경기도 파주시 적성면,2021-04-15,4060000,경기도 파주시
광양불고기 특화거리,광양숯불구이 축제가 열리는 서천변 일대 특화거리,전라남도 광양시 광양읍 칠성리 967,전라남도 광양시 광양읍 칠성리 967,34.96920811,127.579099,792,30,2010,061-797-3799,전라남도 광양시,2021-04-02,4840000,전라남도 광양시
이순신대교 먹거리타운,이순신 대교 일대의 먹거리 타운,전라남도 광양시 중동 1798,전라남도 광양시 중동 1798,34.93446182,127.6999269,624,150,2012,061-797-3799,전라남도 광양시,2021-04-02,4840000,전라남도 광양시
진월망덕포구 먹거리타운,광양전어 축제가 열리는 망덕 포구 일대의 먹거리 타운,전라남도 광양시 진월면 망덕리 845-82,전라남도 광양시 진월면 망덕리 845-82,34.96842565,127.7587807,1417,39,2014,061-797-3799,전라남도 광양시,2021-04-02,4840000,전라남도 광양시
연제평생학습특화거리,배움을 공유하고 많은 지식을 얻을 수 있는 연제구 평생학습 특화거리,부산광역시 연제구 아시아드대로 22번길,,35.187395,129.070151,240,11,2013,051-665-4504,부산광역시 연제구청,2021-05-24,3370000,부산광역시 연제구
맛고을길,서구청 후문을 중심으로 형성된 음식문화 시범거리,인천광역시 서구 탁옥로33번길 16,인천광역시 서구 심곡동 243,37.54549877,126.6735500,160,42,2005,032-560-4322,인천광역시 서구 위생과,2021-07-29,3560000,인천광역시 서구
검단먹거리타운,검단사거리역을 중심으로 형성된 음식문화 시범거리,인천 서구 완정로 191,인천 서구 왕길동 635-4,37.60265213,126.6550685,230,83,2007,032-560-4322,인천광역시 서구 위생과,2021-07-29,3560000,인천광역시 서구
덕산떡전골목,"1940년경 염매시장에서 물물교환 등 노점시장으로 시작하여 6.25동란 이후 피난민들이 모여들면서 골목이 형성되었으며 처음에는 인근 상인들을 대상으로 한 떡행상으로 출발하였으나, 현재에는 혼수용/제수용 등 전문떡집 10여 업소가 영업중에 있습니다.",-,대구광역시 중구 계산동2가 263-5,35.86654706,128.592278,260,7,2011,053-661-2647,대구광역시 중구청,2021-07-09,3410000,대구광역시 중구
동인찜갈비골목,"1960년대 중반 현 동인동 골목일대에 술안주와 식사용으로 소갈비에 마늘과 고춧가루를 넣어 연탄불에 양재기로 찜을 해 요리하는 것이 점차 호응을 얻어 한집 두집 개업하고 확장하여 현재의 찜갈비 골목으로 자리매김 하였다. 동인동 찜갈비는 대구 특유의 매운맛이 살아있는 전통 음식이기도 하다. 2003 대구하계유니버시아드 대회 이후 더욱 널리 알려지면서, 현재 전국 각지에서 동인동 찜갈비를 맛보기 위해 대구를 찾는 발걸음이 늘고 있다. 갈비하면 일반적으로 간장 양념을 떠올리게 되는데, 동인동찜갈비의 특성은 고춧가루와 마늘을 이용하여 매콤 달콤한 붉은 양념으로 소비자의 입맛을 신선하게 자극한다. 질기지 않고 부드럽게 씹히는 고기맛과 마지막 남은 양념에 비벼먹는 밥맛이 일품이다. 동인동찜갈비만의 매력은 찜갈비를 담는 용기에서도 찾아볼 수 있다. 현대인들에게 익숙한 세련된 용기 대신 6,70년대에 쓰던 노란색 찌그러진 양은 그릇이 밥상 위에 올라오는데, 이는 먹는 재미와 동시에 구수한 고향냄새까지 느낄 수 있으며 빠른시간에 조리가 되어 신선도가 좋은 찜갈비로 내·외국인 모두에게 각광받고 있는 음식으로 자리매김 하였다. 마늘과 생강 범벅인 양념을 처음 본 외지인들은 지레 겁을 먹지만, 한번 맛본 사람들은 그 특유의 맛에 빠져들어 다시 찾게 되는 음식이다. 느끼하지 않고 칼칼하고 개운한 맛으로 현재 대구 맛의 명소로 자리 잡았으며 매출액의 일부를 정기적으로 기부하여 「착한골목 1호」로 지정되었다.",대구광역시 중구 동인동1가 동덕로36길 9-17,대구광역시 중구 동인동1가 297-2,35.87123339,128.6049435,90,9,2011,053-661-2647,대구광역시 중구청,2021-07-09,3410000,대구광역시 중구
봉산문화거리,"봉산문화거리는 서울 인사동거리에 비견되는 대구의 대표적인 문화예술거리입니다. 1980년대 중반부터 형성되기 시작한 이 거리는 현재 50여개의 화랑, 화방, 골동품점, 표구사 등이 들어서 있습니다. 초기에는 미술관련재료 판매, 표구 제작, 동양화 판매 위주였으나, 현재는 여러 화랑에서 다양한 미술작품을 전시,판매도 하고 있어서, 대구를 대표하는 화가들의 작품들을 이곳에서 구경할 수 있습니다. 대구시민의 문화적 욕구를 충족시키기 위해 매년 4월에는 봉산공예디자인전이 개최되고, 10월에는 봉산미술제가 개최되고 있습니다. 또한 2004년에는 봉산문화회관 바로가기 이 건립되어 각종 전시회 및 공연을 개최하여 봉산문화거리 활성화에 노력하고 있습니다.",대구광역시 중구 봉산문화길 49,대구광역시 중구 봉산동 225-5,35.8620968,128.5976023,630,92,2011,053-661-2647,대구광역시 중구청,2021-07-09,3410000,대구광역시 중구
광릉숲음식문화특화테마거리,"능안마을은 오랜 역사를 가진 집성촌이 아닌 6.25 전쟁이후 형성된 마을로 향토음식을 기반으로 16개의 업소가 영업중에 있으며, 인근에는 969년(광종 20)창건된 봉선사와 국립수목원과 광릉 및 크낙새서식지 등 관광자원이 풍부한 지역임",경기도 남양주시 진접읍 광릉수목원로 179-19,경기도 남양주시 진접읍 부평리 258-49,37.7471111775,127.1874488699,480,14,2015,031-590-2237,남양주시청 위생과,2021-09-30,3990000,경기도 남양주시
학익법조타운먹거리촌,미추홀구특색음식거리,인천광역시 미추홀구 소성로185번길 23,인천광역시 미추홀구 학익동 240-38,37.4421787246,126.6692965058,500,63,2004,032-880-7998,인천광역시 미추홀구청,2021-05-21,3510500,인천광역시 미추홀구
용현동물텀벙이거리,미추홀구특색음식거리,인천광역시 미추홀구 독배로 403,인천광역시 미추홀구 용현동 509-166,37.4558495322,126.6494947784,100,4,2002,032-880-7998,인천광역시 미추홀구청,2021-05-21,3510500,인천광역시 미추홀구
석바위음식거리,미추홀구특색음식거리,인천광역시 미추홀구 석바위로 148-1,인천광역시 미추홀구 주안동 989-2,37.4596636640,126.6892625052,500,38,2013,032-880-7998,인천광역시 미추홀구청,2021-05-21,3510500,인천광역시 미추홀구
노량진 컵밥거리,"노점으로 인한 보행불편, 위생, 안전 등 다양한 문제해결을 위해 좁은 보도에 밀집한 노점들을 보도공간이 넓은 곳으로 이전하여 ‘거리가게 특화거리’ 조성",서울특별시 동작구 노량진로 178,서울특별시 동작구 노량진동 148-88,37.51340778,126.9456937,92,26,2015,02-820-9152,동작구청,2021-07-05,3190000,서울특별시 동작구
인사동 골동품거리,"우리 민속품을 포함한 문화재 등의 매매거리로,볼거리가 많은 진주의 관광명소로 부각되고 있는 거리",경상남도 진주시 남강로 625번길 1-1 ~ 경상남도 진주시 서장대로 407번길 15,,35.190738,128.079921,600,22,2000,055-749-8579,경상남도 진주시청,2021-07-01,5310000,경상남도 진주시
남가람 문화거리,"역사, 문화, 예술도시인 진주의 전통과 독특한 문화적 개성을 지닌 도심속의 문화, 휴식공간",경상남도 진주시 강남로,"경상남도 진주시 칠암동 201-1,201-5",35.18539245,128.0945485,130,0,1992,055-749-3663,경상남도 진주시청,2021-07-01,5310000,경상남도 진주시
깔깔거리,구로디지털단지가 인접한 음식문화 특화거리,"서울특별시 구로구 디지털로32길, 디지털로32나길 일대",서울특별시 구로구 구로동 1124-7 (인근),37.48467876,126.901211,410,150,2009,02-860-3233,서울특별시 구로구청,2021-06-28,3160000,서울특별시 구로구
명품가로공원,"도심 속 일상생활에서 접할 수 있는 다양한 수목과 초화, 수경시설을 만날 수 있는 쉼터",부산광역시 사상구 광장로,부산광역시 사상구 괘법동 572-18,35.16279397,128.9811407,700,12,2013,051-310-4536,부산광역시 사상구청,2021-06-24,3390000,부산광역시 사상구
천지동 아랑조을거리,아랑조을거리는 알아서 좋을 거리 라는 뜻의 제주어로. 2013년 농림축산식품부 지정 우수외식업지구에 포함된 맛집특화거리이다.,제주특별자치도 서귀포시 중앙로 47번길 10,,33.2487319,126.5606428,700,63,2005,064-710-3078,제주특별자치도 소상공인기업과,2021-06-24,6520000,제주특별자치도 서귀포시
명동로/이중섭거리,많은 작품을 남긴 비운의 천재 이중섭 화백의 기념 미술관이 있는 거리이다.,제주특별자치도 서귀포시 명동로 19,,33.2474463,126.5639289,1000,200,1996,064-710-3078,제주특별자치도 소상공인기업과,2021-06-24,6520000,제주특별자치도 서귀포시
문화의거리,문화의거리,경상북도 문경시 중앙8길,경상북도 문경시 점촌동 268-46번지,,,350,60,2013,054-550-6363,도시과,2020-11-02,5120000,경상북도 문경시
평촌일번가 문화의거리,60-70년대 동양 최대의 영화촬영소가 있었던 곳으로 상시공연이 가능한 문화공간,경기도 안양시 동안구 평촌대로 223번길,,37.3907562,126.9534327,357,0,2003,031-8045-2062,경기도 안양시,2021-08-06,3830000,경기도 안양시
소설 태백산맥 문학기행길,"소설 ''태백산맥''의 배경지인 벌교읍 소재지를 무대로 소설 속 등장하는 적산가옥, 중도방죽 등으로 구성된 문학기행 길",전라남도 보성군 벌교읍 태백산맥길 19,전라남도 보성군 벌교읍 벌교리 640-2,34.8439097,127.3432884,8000,13,2012,061-850-5211,전라남도 보성군청 문화관광과,2021-07-14,4890000,전라남도 보성군
교동귀금속골목,"1970년 대구역 남편 교동시장을 중심으로 한 시계매장들로부터 시작되었습니다. 하나 둘 모여든 업체는 당시 인기품목이었던 시계의 판매수리와 중고제품 판매를 중심으로 상권을 형성하였고, 1970년대 중반부터는 순금, 18K 공장들이 하나씩 자리잡기 시작하여 1980년대에 이르러서는 귀금속거리로 면모를 갖추기 시작하였습니다. 현대화된 시설과 전문화된 상품을 갖추어 대구 귀금속 도·소매상가로 형성되어 현재 300여개의 업체가 영업중이다. 2005년 패션주얼리특구 지정에 이어 2011년에는 패션주얼리 전문타운이 개관 함으로써 주얼리 산업의 메카로 떠오르고 있습니다.",-,대구광역시 중구 용덕동 12,35.873839041,128.597237431,180,350,2011,053-661-2647,대구광역시 중구청,2021-07-09,3410000,대구광역시 중구
교동전자골목,"교동시장 내 핵심상가로서 (구)동성로파출소에서 신한은행(대구중앙지점)으로 이어지는 골목을 중심으로  전자제품 판매업소가 즐비하게 들어서 있습니다. 이 곳에서는 컴퓨터와 주변기기, 그리고 텔레비전, 오디오 등의 영상,음향기기 등 각종 전기전자제품을 저렴한 가격에 판매하고 있어 일반시민들이 많이 찾고 있습니다. 또한 인근에는 오래된 분식점이 많이 있어서 먹을거리의 추억을 되살릴 수 있습니다.",-,대구광역시 중구 교동 79-1,35.87335688,128.5978339,260,127,2011,053-661-2647,대구광역시 중구청,2021-07-09,3410000,대구광역시 중구
남산인쇄골목,남산동 남문시장에서 계산오거리까지의 500여미터 남짓한 거리에는 각종 인쇄소와 기획사가 빽빽히 밀집해 있습니다. 인쇄골목은 1980년대초부터 서서히 형성되기 시작하여 1990년대 들어 급속한 팽창을 보였으며 현재 500여개의 업체가 영업중에 있습니다.,대구광역시 중구 명륜로6길 7-24,대구광역시 중구 남산동 247-12,35.86336136,128.5888875,500,520,2011,053-661-2647,대구광역시 중구청,2021-07-09,3410000,대구광역시 중구
남산자동차부속골목,"1968년경부터 명덕네거리 주변에 자동차 중고 부속상이 생겨나서 부속품판매 및 자동차수리를 하였으며 1978년 도로가 확장 개통되면서 남문시장에서 명덕네거리 일원의 골목을 중심으로 자동차 관련 점포들이 모여들어 오늘날의 상가가 형성되었습니다. 현재는 80여개의 업소가 오디오, 타이어, 에어컨, 시트카바, 썬팅, 기타 자동차부속품 판매와 자동차 수리를 하고 있어 자동차에 대한 원스톱서비스가 가능한 곳이라 할 수 있습니다. 2010년부터 매년 스트리트 모터 페스티벌이 개최되고 있으며 축제기간 중에는 세계의 명차들을 한 자리에서 만날 수 있습니다.",대구광역시 중구 명덕로35길 70,대구광역시 중구 남산동 596-7,35.85975833,128.5893663,550,88,2011,053-661-2647,대구광역시 중구청,2021-07-09,3410000,대구광역시 중구
대신미싱골목,1970년대 서문시장과 달성공원 사이 황폐한 골목으로 지가가 싸서 임대료 부담이 적어 일부 사업자가 이주하여 영업해 왔으며 1980년대부터 한집 두집 모이기 시작하여 1980~90년대에는 섬유경기활황과 어울려 전성기를 이루었습니다. 현재는 40여 업소가 영업중에 있습니다.,대구광역시 중구 국채보상로93길 35,대구광역시 중구 대신동 64-25,35.87219301,128.5807448,200,49,2011,053-661-2647,대구광역시 중구청,2021-07-09,3410000,대구광역시 중구
대신양말골목,1980년대 원일상회 박정원씨가 최초로 양말소매상을 경영하였고 그 후부터 상인들이 모이기 시작하여 현재의 양말골목으로 형성되어 왔습니다. 계성초등학교 입구의 좁은 골목 양쪽으로 영업하고 있는 이 업소들은 다양한 양말을 저렴한 가격으로 판매하고 있습니다.,대구광역시 중구 달구벌대로 1991-11,대구광역시 중구 대신동 993,35.86546587,128.5819494,260,23,2011,053-661-2647,대구광역시 중구청,2021-07-09,3410000,대구광역시 중구
예술의 거리,"호남문화와 예술의 중심지인 예향 광주의 전통을 계승 발전시키기 위해 조성됨. 서화, 도자기, 공예품 등 이 지방 예술의 상징적 작품을 집산하여 전시, 판매하고 있으며, 한국화, 서예, 남도창을 중심으로 한 남도예술의 진수를 누구나 손쉽게 접할 수 있는 명소",광주광역시 동구 예술길 24 (궁동),광주광역시 동구 궁동 52-2,35.149768,126.918601,300,90,1987,062-224-0323,광주광역시 동구청,2022-01-01,6290000,광주광역시
오리요리의 거리,광주 명물음식 오리탕 전문업소가 밀집된 대표거리,광주광역시 북구 경양로 125 (신안동),광주광역시 북구 신안동 7-8,35.161602,126.905745,300,12,2003,062-410-6547,광주광역시 북구청,2022-01-01,6290000,광주광역시
금호골 음식의거리 (금호 먹거리촌),수백 개의 음식점 등이 밀집한 금호 1동 최대 상업 지구,광주광역시 서구 금화로73번길 18-10(금호동),광주광역시 서구 금호동 764,35.132456,126.857379,1100,150,2010,062-360-7114,광주광역시 서구청,2022-01-01,6290000,광주광역시
패션의거리,패션과 문화를 함께 누릴 수 있는 광주 최대 의류업체 밀집거리,광주광역시 북구 설죽로 227 (용봉동),광주광역시 북구 용봉동 1371-1,35.1799482251,126.8977165833,1200,68,2010,062-410-6547,광주광역시 북구청,2022-01-01,6290000,광주광역시
일곡동 원스푸드특화거리,원스푸드 특화거리로 남은음식 재사용 없는 좋은식단 자율 실천업소 조성거리,광주광역시 북구 일곡마을로 148 (일곡동),광주광역시 북구 일곡동 398-1,35.2094476442,126.8908972170,1200,26,2011,062-410-6700,광주광역시 북구청,2022-01-01,6290000,광주광역시
임동 야구의거리,타이거즈 전설이 되살아나는 야구의 거리,광주광역시 북구 서림로 53,광주광역시 북구 임동 171,35.165459,126.8943521558,1200,167,2017,062-410-6753,광주광역시 북구청,2022-01-01,6290000,광주광역시
전자의거리,"금남로 5가 86번지 일대인 전자거리는 도심의 교통요충지에 위치하여 고객 접근성이 용이한 장점을 살려, 가전제품, 전자부품, 음향기기, 전기자재, CCTV, 컴퓨터, 영상 및 방송시설 등 전자상가 중심의 전문 상점가",광주광역시 동구 독립로264번길 25 (대인동),광주광역시 동구 대인동 27,35.1534492576,126.9136593315,210,123,2007,062-608-2372,광주광역시 동구청,2022-01-01,6290000,광주광역시
아시아음식문화거리,"2014년부터 문화전당 건너편에 위치한 구)시청 일원을 아시아의 다양한 음식과 문화를 맛보고 체험할 수 있는 음식테마 관광지역으로 조성해오고 있으며, 현재는 젊은이들이 많이 찾는 야간 먹자거리로 인기가 높으며, 문화전당 개관후 중국, 일본 등 아시아 음식점들이 증가하고 있다. 앞으로 참신한 아이디어를 지닌 청년셰프와 베트남, 태국 등 외국음식점을 유치하고, 음식문화축제 등을 통해 관광객들에게 풍성한 먹거리, 볼거리 등을 제공해 갈 계획이다.",광주광역시 동구 문화전당로35번길 18-1 (광산동),광주광역시 동구 광산동 92-19,35.1453906131,126.9172368404,600,170,2007,062-608-2413,광주광역시 동구청,2022-01-01,6290000,광주광역시
나무전거리,"목재,문짝,씽크대,합판 등을 취급하고 창호를 비롯한 문 가공하는 거리",광주광역시 동구 경양로 300-1 (동명동),광주광역시 동구 동명동 253-1,35.1543996100,126.9221094962,610,95,2008,062-608-2372,광주광역시 동구청,2022-01-01,6290000,광주광역시
조대장미의거리,조선대학교 인근 장미꽃이 피어있는 문화거리,광주광역시 동구 필문대로287번길 3 (서석동),광주광역시 동구 서석동 427-1,35.1458618003,126.927413,150,30,2016,062-608-2114,광주광역시 동구청,2022-01-01,6290000,광주광역시
좌수영음식문화거리,여수특화음식점,전라남도 여수시중앙로 72-16 +전라남도여수시 교동남1길 6-17,전라남도 여수시 중앙동 775+전라남도 여수시 교동 572-2,34.739957,127.735520,276,38,2011,061-659-4231,전라남도 여수시청,2019-03-21,4810000,전라남도 여수시
국동장어탕거리,장어탕 특화거리,전라남도 여수시어항단지로 13+전라남도 여수시 어항단지로 63-3,전라남도 여수시 국동 1082-7+전라남도 여수시 국동 1082-51,34.7255500,127.712484,407,12,2009,061-659-4231,전라남도 여수시청,2019-03-21,4810000,전라남도 여수시
구룡포 일본인 가옥거리,일제강점기 때 일본인 집단 거주지,경상북도 포항시 남구 구룡포읍 구룡포길 153-1,경상북도 포항시 남구 구룡포읍 구룡포리 153-1,35.990534,129.5615954,453,14,2011,054-270-2274,포항시,2020-10-23,5020000,경상북도 포항시
까치울먹거리촌,"부천시 역곡로(작동 127번지) 일대 음식문화특화거리. 작동산과 지양산이 어우러진 전원마을에 6개의 오리전문 음식점과 닭백숙, 보리밥, 한정식, 커피숍 등 총19개의 음식점으로 이루어져 있음.",경기도 부천시 역곡로324번길 일대,경기도 부천시 작동 127번지 일대,37.5156294,126.8155805,1000,19,2011,032-625-4318,부천시청 식품위생과,2020-10-22,3860000,경기도 부천시
청주서문시장 삼겹살거리,"‘세종실록지리지’ 충청도편에도 청주가 돼지고기를 공물로 바쳤다고 기록되어 있을 정도로 청주는 삼겹살의 고장으로 손색이 없고, 청주를 대표하는 음식인 삼겹살을 과거 청주의 대표적인 시장 인 서문시장 주변을 음식특화거리로 지정하여 운영 중임. 이 거리에서는 독특한 파채, 파무침, 파절임 등 다양한 파절이가 특징 인 맛있는 청주 삼겹살을 저렴하게 접할 수 있음.",충청북도 청주시 상당구 남사로89번길 일원,,36.634023,127.485395,230,13,2012,043-201-1972,충청북도 청주시,2020-12-18,5710000,충청북도 청주시
서면특화거리,"부산을 대표하는 중심 번화가로 상업, 문화, 교통, 의료 등의 중심지로 유동인구가 가장 많은 지역이며 국내외 관광객 및 시민들에게 즐길거리, 먹을거리, 볼거리 등을 제공하고 종합적인 경관을 개선하기 위해 특화된 거리를 조성하였으며 젊음의 거리, 음식 거리, 학원 거리 등으로 구성되어 있음",부산광역시 부산진구 중앙대로 702번길 33 일원,부산광역시 부산진구 부전동 168-448,,,2110,2219,2008,051-605-5825,부산광역시 부산진구청,2021-08-26,3290000,부산광역시 부산진구
청담패션거리,청담동 소재의 명품패션거리,서울특별시 강남구 도산대로,서울특별시 강남구 청담동 98-8,,,3180,100,1996,02-3423-5498,서울특별시 강남구청,2021-08-18,3220000,서울특별시 강남구
압구정로데오거리,압구정동 사거리에서 학동사거리 입구까지의 패션과 문화의 거리,서울특별시 강남구 압구정로,서울특별시 강남구 신사동 660-8,,,1000,100,1996,02-3423-5498,서울특별시 강남구청,2021-08-18,3220000,서울특별시 강남구
유엔참전기념거리,유엔평화문화특구 내 테마거리,부산광역시 남구 유엔평화로,부산광역시 남구 대연동 891-23,,,5040,100,2010,051-607-4045,부산광역시 남구청,2021-08-17,3310000,부산광역시 남구
홍주골 음식문화 거리,70여곳의 음식점이 밀집되어 있는 T자형 음식문화거리,충청남도 홍성군 홍성읍 법원로 23,충청남도 홍성군 홍성읍 월산리 895-3,,,800,70,2014,041-630-9015,충청남도 홍성군보건소,2021-07-31,4600000,충청남도 홍성군
송월동 동화마을 특화거리,"송월동은 소나무가 많아 솔골 또는 송산으로 불리다가 소나무 숲 사이로 보이는 달이 운치가 있어 지금의 이름으로 불리우고 있다. 1883년 인천항이 개항된 후에는 독일인들을 비롯한 외국인들이 거주하기 시작하면서 부촌을 형성하였으나, 수십 년 전부터 젊은 사람들이 떠나고 마을에는 연로하신 분들이 살다 보니 활기를 잃고 침체되었으며, 빈집들은 방치되고 있었다. 이런 열악한 주거환경을 개선하기 위해 꽃길을 만들고 세계 명작 동화를 테마로 담벼락에 색칠을 하여 동화마을로 변화하였다.",인천광역시 중구 자유공원서로45번길 외 1개로 일원,,37.478159,126.621632,311,251,2015,032-760-7503,인천광역시 중구청,2021-10-20,3490000,인천광역시 중구
송월동 카페 특화거리,카페 및 기타 휴게음식점 등 관광객 유치를 위한 상업시설로서 아름다운 외관을 가진 카페거리,인천광역시 중구 자유공원서로37번길 일원,,37.477526,126.620217,271,38,2015,032-760-7503,인천광역시 중구청,2021-10-20,3490000,인천광역시 중구
신포동 특화거리,"개항각국거리, 러시아특화거리를 포함한 각국의 카페거리",인천광역시 중구 우현로39번길 외 6개로 일원,,37.470871,126.625953,450,215,2015,032-760-7503,인천광역시 중구청,2021-10-20,3490000,인천광역시 중구
차이나타운 특화거리,"페루, 벽돌, 단청, 문양 등 중국풍의 디자인 거리",인천광역시 중구 차이나타운로 외 4개로 일원,,37.476325,126.619307,754,664,2016,032-760-7503,인천광역시 중구청,2021-10-20,3490000,인천광역시 중구
제물량로 특화거리,제물량거리,인천광역시 중구 제물량로 KT삼거리 ~ 답동사거리,,37.470093,126.625189,430,50,2017,032-760-7503,인천광역시 중구청,2021-10-20,3490000,인천광역시 중구
월미도 특화거리,인천대교와 서해바다의 경관을 활용한 휴게 및 문화거리,인천광역시 중구 월미문화로 16 ~ 95,인천광역시 중구 북성동1가 98-6,37.47732093,126.5992575,766,50,2017,032-760-7503,인천광역시 중구청,2021-10-20,3490000,인천광역시 중구
운연동 추어마을,"원래는 농촌마을이었으나 논에 미꾸라지가 많이 잡히면서 마을 주민들이 추어탕을 즐겨 만들어 먹었음. 서울식,남도식,원주식 등 손님의 입맛에 맞게 고를수 있는 추어탕 음식점이 밀집되어있어 2006년 특색음식거리로 지정",인천광역시 남동구 수인로 3542,인천광역시 남동구 운연동 10번지,,,392,12,2006,032-453-2622,남동구청,2021-10-15,3530000,인천광역시 남동구
구월문예길음식문화1번가,"이 지역은 일명 구월동 밴댕이 골목으로 대형쇼핑몰, 문화예술회관 등이 밀집되어있어 문화와, 예술, 쇼핑을함께 즐길수 있는 곳으로 2002년 월드컵을 대비하여 2001년 특색음식거리로 지정",인천광역시 남동구 문화로89번길 27,인천광역시 남동구 구월동 1371번지,,,450,72,2001,032-453-2622,남동구청,2021-10-15,3530000,인천광역시 남동구
소래포구신도로횟집거리,소래포구는 인천의 명소로 먹거리 발굴 및 육성을 위해 횟집 밀집지역인 신도로 지역을 2011년도에 특색음식거리로 지정,인천광역시 남동구 장도로,인천광역시 남동구 논현동 111번지,,,533,17,2011,032-453-2622,남동구청,2021-10-15,3530000,인천광역시 남동구
구월로데오음식문화거리,"백화점, 터미널, 쇼핑센터, 음식점 등이 밀집한 지역으로 인천의 핫플레이스로 2019년 음식문화거리로 지정",인천광역시 남동구 예술로152번길 9,인천광역시 남동구 구월동 1409번지,,,720,141,2019,032-453-2622,남동구청,2021-10-15,3530000,인천광역시 남동구
미음나루음식문화특화거리,"미음나루는 조선시대 이전부터 한강을 오가는 배들의 중간 쉼터이자, 지금의 남양주시와 하남시의 미사리를 건너던 곳이었다. 그 덕에 사람의 왕래가 많아 이들을 대상으로 한 주막들이 꽤나 번성 했다. 안동김씨 후손의 호를 따서 이름이 붙혀진 나루터로 현재는 예전의 뱃사공 은 사라지고 한강변을 따라 드라이브를 즐기러 온 사람들이 뱃사공을 대신한다. 인근 야산에 축조된 수석리 토성은 삼국시대에는 한강변을 지키는 전략적 요충지의 일환으로 중요시 되었던 곳으로 여겨진다. 이곳 미음나루풍속마을 주변에는 매운탕과 장어구이 등 음식점이 30여개가 밀집되어 있고 분위기 있는 까페와 한정식 집들이 미식가들의 입맛을 돋우고 있으며 철에 따라 변화하는 강변의 풍광과 한강의 야경을 즐기려는 많은 사람들의 발걸음이 끊이질 않고 있다.",경기도 남양주시 강변북로 632번길 26(수석동),경기도 남양주시 수석동 168,37.5858238280,127.1730352,580,37,2007,031-590-2237,남양주시청 위생과,2021-09-30,3990000,경기도 남양주시
삼봉리 음식문화마을,"북한강변에 위치한 삼봉리 음식문화 마을은 수려한 자연환경과 영화촬영소, 유기농테마파크, 다산 정약용 유적지, 북한강 수상스키장, 자전거도로 등의 관광자원을 가지고 있는 지역으로 20여개의 음식점과 10여개의 까페들이 영업중에 있으며  특히 이 지역의 식당들은 직접재배하고 가꾼 농산물을 가지고 조리판매를 하고 있어 꾸준히 외식관광객들이 찾고 있음",경기도 남양주시 조안면 북한강로 856,경기도 남양주시 조안면 삼봉리 277-1,37.5923892462,127.3374769787,1280,27,2013,031-590-2237,남양주시청 위생과,2021-09-30,3990000,경기도 남양주시
보정동 카페거리,"용인시 지정 1호 문화의 거리로 카페, 레스토랑, 의류 등 120여개의 점포가 밀집하였으며 각종 드라마, CF, 화보 촬영장소로 더욱 유명해짐",경기도 용인시 기흥구 죽전로15번길 일원,경기도 용인시 기흥구 보정동 1185,37.321800,127.110100,12000,128,2014,031-324-2445,용인시청 관광과,2019-04-08,4050000,경기도 용인시
불당동문화카페거리,75곳의 카페가 밀집되어 있는 카페거리,충청남도 천안시 서북구 불당16길,충청남도 천안시 서북구 불당동 1358,36.8003326,127.1068109,650,10,2014,041-521-5615,충청남도 천안시청,2020-12-09,4490000,충청남도 천안시
천안가구웨딩거리,웨딩과 가구점이 밀집되어 있는 거리,충청남도 천안시 서북구 백석로,충청남도 천안시 서북구 성정동 683-12,36.8186917,127.1403375,400,46,2008,041-521-5615,충청남도 천안시청,2020-12-09,4490000,충청남도 천안시
쌍용패션거리,의류상가가 밀집되어 있는 거리,충청남도 천안시 서북구 쌍용대로,충청남도 천안시 서북구 쌍용동 1164,36.8023879,127.1314602,450,95,2008,041-521-5615,충청남도 천안시청,2020-12-09,4490000,충청남도 천안시
휴대폰거리,휴대폰상가가 밀집되어 있는 거리,충청남도 천안시 서북구 중앙로,충청남도 천안시 동남구 성황동 92-4,36.8123042,127.1526589,200,3,2008,041-521-5615,충청남도 천안시청,2020-12-09,4490000,충청남도 천안시
공구상가거리,공구상가가 밀집되어 있는 거리,충청남도 천안시 서북구 신용로,충청남도 천안시 동남구 다가동 367-4,36.8011315,127.1436935,600,80,2008,041-521-5615,충청남도 천안시청,2020-12-09,4490000,충청남도 천안시
병천순대거리,순대국밥집이 밀집되어 있는 거리,충청남도 천안시 동남구 병천면 아우내순대길,충청남도 천안시 동남구 병천면 병천리 173-6,36.7617524,127.2991129,500,25,2008,041-521-5615,충청남도 천안시청,2020-12-09,4490000,충청남도 천안시
전포카페거리,"번화가인 서면1번가 맞은편 쪽에는 아기자기하게 꾸며놓은 개성있는 카페 30여곳이 들어서 있는 카페거리는 원래 공구, 철물 등 산업용품 및 자재를 파는 가게들이 많던 공구상가 거리였으나 2010년 이후 아기자기한 카페들이 들어서면서 이색적인 카페거리로 불리고 있다.",부산광역시 부산진구 전포대로209번길 26,부산광역시 부산진구 전포동 682,,,1050,35,2012,051-605-5825,부산광역시 부산진구청,2021-08-26,3290000,부산광역시 부산진구
중앙길(문화의거리)상가,"○ 울산동헌과 문화의거리가 상가 주변에 위치하고 있어 원도심 도보 여행 코스로 적정한 장소이며, 거리내 다수의 미술작품이 설치되어 있고 거점건물에는 파사드를 설치하여 볼거리가 풍부한 지역임. ○ 중앙길상가 내 문화의거리 주변에는 문화예술업종이 46소(갤러리, 공방, 조각 등)가 입점되어 있으며, 2019년 올해의 관광도시로 지정된 지역임.",울산광역시 중구 중앙길 119,울산광역시 중구 성남동 87-5,35.555884,129.320065,700,110,2009,052-290-3320,울산광역시 중구청,2021-09-27,6310000,울산광역시
보세거리,"○ 중구의 아케이드를 최초로 설치한 보세품목 전문 특화거리로 여성의류, 아동의류, 잡화품목이 분포하여 있음.",울산광역시 중구 먹자거리 25,울산광역시 중구 성남동 247-2,35.554756,129.320987,120,55,2011,052-290-3320,울산광역시 중구청,2021-09-27,6310000,울산광역시
학성가구거리,"○ 가구전문 특화거리로 1980년대부터 매장마련이 용이하며 지가가 저렴한 가구점들이 모여 들어 형성되었음. 법령상 근거가 마련된 이후 16년도에 상점가 등록이 되었으며, 울산 대표 가구거리로 많은 고객들이 방문하고 있음.",울산광역시 중구 가구거리 26,울산광역시 중구 학성동 197-6,35.553942,129.336535,455,52,2016,052-290-3320,울산광역시 중구청,2021-09-27,6310000,울산광역시
울주 언양봉계 한우불고기특구,한우불고기 판매 점포,울산광역시 울주군 언양읍 헌양길,,,,2000,35,2006,052-204-1624,울주군청,2021-09-27,6310000,울산광역시
울주 언양봉계 한우불고기특구,한우불고기 판매 점포,울산광역시 울주군 두동면 계명1길,,,,500,16,2006,052-204-1624,울주군청,2021-09-27,6310000,울산광역시
영광 법성포 굴비거리,굴비 식당과 판매점이 있는 거리,전라남도 영광군 법성면,,,,2600,300,2019,061-350-5416,전라남도 영광군청,2021-09-17,4970000,전라남도 영광군
맛고을 문화의 거리,100여개 점포중 50개소 이상 음식 상가 밀집지역의 음식 문화 거리,경상북도 예천군 예천읍 맛고을길 19,경상북도 예천군 예천읍 남본리 222-66,36.65532953,128.451009,900,50,2016,054-650-6231,경상북도 예천군청,2021-09-23,5230000,경상북도 예천군
대부도방아머리,"바다를 곁에두고 가족과 연인이 함께 칼국수, 신선회, 조개구이 먹을수 있는 거리",경기도 안산시 단원구 대부황금로 1479,경기도 안산시 단원구 대부북동 1848-104,37.286818,126.573873,2500,38,2005,031-481-2232,안산시청,2021-08-31,3930000,경기도 안산시
다문화음식거리,안산역 다문화특구내 다문화음식거리로서 10여개국 이주민이 각국의 전통음식과 문화를 보여주는 거리,경기도 안산시 단원구 다문화길 16,경기도 안산시 단원구 원곡동 795,37.3294416919,126.7906037528,8800,55,2009,031-481-2232,안산시청,2021-08-31,3930000,경기도 안산시
댕이골전통음식거리,옛고향의맛느낄수 있는 한식거리,경기도 안산시 상록구 댕이길 20,경기도 안산시 상록구 사동 1347,37.293981,126.844331,1500,24,2005,031-481-2232,안산시청,2021-08-31,3930000,경기도 안산시
근대개항장 특화거리,"1883년 인천 개항장 126년 세월의 흔적이 쌓인 개항기 역사와 문화의 만남의 장소이다. 이곳은 옛 일본영사관인 중구청과 일본 제1은행 인천지점, 일본 제18은행 인천지점 ,일본 제58은행 인천지점 등 근대 건축을 그대로 볼 수 있는 장소이다. 이뿐아니라 일본우선주식회사나 인천의 아트플렛폼, 제물포구락부 등 역사의 흔적들을 직접 눈으로 볼 수 있고 귀로 들을 수있는 곳이다. 이곳은 인천문화 관광해설사가 배치되어 예약을 받아 해설을 하고 있다. 보다 깊은 해설을 들으며 도보관광을 즐길 수 있어 가족 단위나 여행단체의 큰 호흥을 얻고 있다.",인천광역시 중구 신포로23번길 외 5개로 일원,,37.472751,126.621751,566,176,2015,032-760-7503,인천광역시 중구청,2021-10-20,3490000,인천광역시 중구
라페스타 문화의 거리,"총 6개동, 2만여 평의 초대형 쇼핑몰로 패션 상가 및 음식점, 다양한 공연 등이 펼쳐지는 젊음의 거리",경기도 고양시 일산동구 중앙로 1275번길 60-30,경기도 고양시 일산동구 장항동 768,37.66021217,126.7691061,300,129,2004,031-920-9600,라페스타관리단,2022-02-15,3940000,경기도 고양시
덕이동 패션 아울렛,패션의류 및 잡화업종 유명 브랜드 할인점이 다수 입점한 쇼핑의 거리,경기도 고양시 일산서구 탄중로101번길 13,경기도 고양시 일산서구 덕이동 384-1,37.69302242,126.7557859,280,129,2011,1899-6841,덕이동소상공인협동조합,2022-02-15,3940000,경기도 고양시
화정문화의거리,덕양구 화정역을 중심으로 재미있는 길거리 공연과 쇼가 펼쳐지는 젊음의 거리,경기도 고양시 화정로 63,경기도 고양시 덕양구 화정동 963,37.6604456,126.8320041,800,686,2015,031-936-9344,화정동 상가발전협의회,2022-02-15,3940000,경기도 고양시
쌍화차거리,"난방시설이 잘되어 있지 않던 시절, 추운 겨울날 정읍경찰서 구치소에 수감된 사람들에게 몸을 녹이라고 가족들이 쌍화차를 사식으로 넣어주기 시작하면서부터 유래되었다고 전해짐",전라북도 정읍시 중앙1길,전라북도 정읍시 수성동 637-3,35.5674972349,126.8562539663,350,15,2016,063-539-5806,전라북도 정읍시청,2022-02-04,4690000,전라북도 정읍시
중리음식특화거리,천혜의 해양환경을 자랑하는 동삼동 중리지역을 중심으로 조성된 음식문화특화거리,부산광역시 영도구 절영로,부산광역시 영도구 동삼동 600-2,35.0705288,129.0693003,600,30,2013,051-419-4403,영도구청 환경위생과,2020-07-13,3280000,부산광역시 영도구
청도추어탕거리,"물이 맑기로 유명한 청도의 그 동맥인 청도천, 동창천에서 자생하는 황동어, 꺽지, 메기 등 잡어와 미꾸라지를 섞어 조리하는 웰빙 향토음식점들이  40년, 50년의 역사를 자랑하며 운영하고 있음",경상북도 청도군 청도읍 청화로 202-3,경상북도 청도군 청도읍 고수리 969-20,35.64087813,128.746007,251,9,2012,054-370-2171,경상북도 청도군,2020-06-30,5190000,경상북도 청도군
한재미나리와삼겹살거리,"청도 남산과 화악산 사이의 계곡을 따라 형성된 거리로 맑고 풍부한 지하수와 충분한 햇볕을 받아 자라  비타민과 무기질,섬유질 함량이 풍부하여 해독과 혈액을 정화시키는데 좋은 알카리성 식품인 미나리와 뜨겁고 기름진 삼겹살과 궁합이 잘맞아 한재미나리와 삼겹살 음식점이 적국적인 명성을 얻으며 29곳이 성업 중이다.",경상북도 청도군 청도읍 새마을로 149-42,경상북도 청도군 청도읍 초현리 243-3,35.573943,128.757414,4230,29,2018,054-370-2171,경상북도 청도군,2020-06-30,5190000,경상북도 청도군
라온제나,금강하구언 강가에 카페와 레스토랑 횟집이 밀집되어 있는 음식문화 특화단지임,충청남도 서천군 장항읍 장산로,충청남도 서천군 마서면 당선리 93-4,36.005461,126.732254,1400,30,2012,041-950-4079,충청남도 서천군,2021-07-10,4580000,충청남도 서천군
독산성 음식문화거리,경기옛길삼남길7코스인 독산성자락 주변 둘레길을 따라 40여곳의 다양한 맛집거리,경기도 오산시 독산성길,경기도 오산시 지곶동 277-1,37.1857801,127.0374862,3000,45,2013,031-8036-6823,경기도 오산시청,2021-07-20,4000000,경기도 오산시
서동공원(궁남지 부근) 음식특화거리,서동공원(궁남지)의 연꽃단지를 기반으로 관광산업과 연계하여 시설환경 정비 등 서비스 수준향상을 통한 음식점 특화 거리 육성,충청남도 부여군 궁남로,-,36.275195,126.912697,850,42,2015,041-830-2574,부여군농업기술센터,2021-07-15,4570000,충청남도 부여군
함평천지 한우비빔밥 음식테마거리,1900년 초부터 함평 우시장을 중심으로 발달해 온 한우비빔밥을 주메뉴로 한 식당이 밀집되어 있는 거리,전라남도 함평군 함평읍 시장길 5일시장 내,,,,420,14,2014,061-320-1641,전라남도 함평군청,2021-07-14,4960000,전라남도 함평군
오류동 특화거리 상점가,음식특화거리,대전광역시 중구 계룡로 874번길 13(오류동),대전광역시 중구 오류동 153-1,36.3230725,127.4104115,400,61,2011,042-606-7223,대전광역시 중구,2021-09-10,3650000,대전광역시 중구
문화의 거리,"도심속 문화예술과 쇼핑, 보행자 중심의 거리",강원도 원주시 중앙로 59,강원도 원주시 중앙동 204-2,37.347705,127.952339,670,134,2009,033-734-8881,문화의 거리 상인회,2021-08-31,4190000,강원도 원주시
꽃바위 외국인 특화거리,"내국인 및 외국인의 자연스러운 방문과 활발한 문화교류의 글로벌 문화거리를 조성하고, 체계적인 가로정비를 통해 안전하고 쾌적한 거리를 조성하여 질높은 관광체험 제공 및 체류시간 연장으로 지역경제 활성화 유도",울산광역시 동구 남진길 52,울산광역시 동구 방어동 1146-33번지,35.480919,129.416137,1300,43,2016,052-209-3368,울산광역시 동구청,2021-08-25,3710000,울산광역시 동구
향토음식거리,단양 향토음식(쏘가리) 특화 거리,충청북도 단양군 단양읍 수변로 111,충청북도 단양군 단양읍 별곡리 569-1,36.9854106363,128.3707518828,1,10,2010,043-420-3322,단양군 보건소,2021-09-04,4480000,충청북도 단양군
함양건강100세음식지구,상림공원 주변 조성된 음식지구로 지역농산물을 활용한 건강한 음식을 손님들에게 서비스 함,경상남도 함양군 함양읍 필봉산길,경상남도 함양군 함양읍 필봉산길 49,,,1100,17,2012,055-960-8332,경상남도 함양군청,2021-09-06,5460000,경상남도 함양군
삼산디자인거리,"울산의신흥 쇼핑메카로 음식점, 카페, 책방, 악세사리점 등 쇼핑과 먹거리에 대한 정보를 제공받을 수있음.",울산광역시 남구 삼산중로74,울산광역시 남구 삼산동 1527-1,35.53993324,129.3389913,416,131,2010,052-226-4844,울산광역시 울산남구청,2021-11-30,3700000,울산광역시 남구
바보디자인거리,"울산대학교의 대학로로 음식점, 카페, 책방, 악세사리점 등 쇼핑과 먹거리에 대한 정보를 제공받을 수있음.",울산광역시 남구 대학로84,울산광역시 남구 무거동 632,35.54321605,129.260325,395,146,2010,052-226-4844,울산광역시 울산남구청,2021-11-30,3700000,울산광역시 남구
왕생이길(1구간),달동문화공원과 연계한 문화 예술거리로 카페와 음식점이 형성되어 있음,울산광역시 남구 왕생로,울산광역시 남구 달동 1323,35.54471934,129.328826,418,49,2012,052-226-4844,울산광역시 울산남구청,2021-11-30,3700000,울산광역시 남구
왕생이길(2구간),"울산의 역사, 문화가 어우러진 예술이 어우러진 거리로 다양한 음식점과 웨딩관련 상점들이 조성되어 있음",울산광역시 남구 왕생로,울산광역시 남구 달동 1368-5,35.54045231,129.3306056,535,138,2016,052-226-4844,울산광역시 울산남구청,2021-11-30,3700000,울산광역시 남구
만덕민속 오리불고기단지,오리불고기 업체 다수,부산광역시 북구 만덕고개길,부산광역시 북구 만덕동 73-11,35.211512,129.047446,2000,24,2015,051-309-4482,부산광역시 북구,2021-11-25,3320000,부산광역시 북구
젊음의 거리,젊음의 거리,부산광역시 북구 만덕대로16번길,부산광역시 북구 덕천동 402-1,35.209835,129.007249,300,100,2011,051-309-4482,부산광역시 북구,2021-11-25,3320000,부산광역시 북구
구포 명품 피아노 특화거리,피아노 상가 다수,부산광역시 북구 낙동대로 1630,부산광역시 북구 구포동 1074-2,35.2012333761,128.9924388184,320,5,2012,051-309-4482,부산광역시 북구,2021-11-25,3320000,부산광역시 북구
구포만세길,3.1운동 기념 거리,부산광역시 북구 구포만세길,부산광역시 북구 구포동 1060-470,35.205475,128.997146,100,15,2012,051-309-4482,부산광역시 북구,2021-11-25,3320000,부산광역시 북구
주촌 부경축산물 도매시장,축산물 특성화 거리,경상남도 김해시 주촌면 서부로 1403번길 23-66,경상남도 김해시 주촌면 내삼리 1295,35.2260809679,128.8124240846,330,182,2018,055-330-3414,김해시청 지역경제과,2021-10-15,5350000,경상남도 김해시
건축자재의 거리,"구호전사거리에서 대인광장에 이르기까지 넓은 지역에 걸쳐 펼쳐진 건축자재거리는 목재·슬레이트·석고보드 등을 판매하는 건재상, 타일·PVC·변기·장판 등을 판매하는 실내 장식업은 물론 철강·배관·보일러 판매상 등 약 170여개 점포로 이루어져 축에 필요한 모든 자재를 일괄 구입할 수 있는 광주광역시 유일의 건축 자재 집단화·전문화 거리",광주광역시 북구 독립로 327 (중흥동),광주광역시 북구 중흥동 662-2,35.1598144181,126.9138253637,1500,170,2003,062-410-6547,광주광역시 북구청,2022-01-01,6290000,광주광역시
자동차의 거리,"차량용품, 수리, 튜닝 등 자동차에 관련된 제품을 찾을 수 있는 곳",광주광역시 북구 자동차로 33 (임동),광주광역시 북구 임동 11-4,35.1627535851,126.9001118044,1600,174,2003,062-410-6547,광주광역시 북구청,2022-01-01,6290000,광주광역시
공구의 거리,전국 유일의 공구의 거리 다양성과 전문성을 갖춘 공구 특화 상점가.,광주광역시 북구 하남대로793번길 18 (운암동),광주광역시 북구 운암동 1428,35.1720076,126.8797518845,1200,210,2003,062-410-6547,광주광역시 북구청,2022-01-01,6290000,광주광역시
펭귄마을 공예특화거리,펭귄마을의 정체성을 보존하고 광주를 대표하는 공예문화 체험 관광지로 주변 낡은 가옥의 리모델링을 통해 공예산업 특화 공간으로 조성,광주광역시 남구 백서로 92-8 (양림동),광주광역시 남구 양림동 44-5,35.140036,126.916444,4071,21,2020,062-674-5705,양림동 펭귄마을공예거리 운영사무소,2022-01-01,6290000,광주광역시
광주 한복거리,"개량, 맞춤형 한복 전문점이 모여 있는 한복거리",광주광역시 동구 구성로 166 (충장로5가),광주광역시 동구 충장로5가 58-3,35.1510295146,126.9119740064,170,62,1990,062-608-2114,광주광역시 동구청,2022-01-01,6290000,광주광역시
송호맛길,"산채, 콩류, 도토리 등 자연과 건강을 주제로 한 음식점 밀집한 거리",경기도 안산시 상록구 송호2길 18,경기도 안산시 상록구 이동 643-9,37.3134859677,126.846737,5200,52,2013,031-481-2232,안산시청,2021-08-31,3930000,경기도 안산시
25시 사리골,참치 취급업소와 주점영업이 혼재된 거리,경기도 안산시 단원구 광덕2로 193-7,경기도 안산시 단원구 고잔동 770-4,37.310448,126.831658,9300,55,2013,031-481-2232,안산시청,2021-08-31,3930000,경기도 안산시
7080로데오맛길,"보쌈, 곱창, 족발, 빈대떡 등 토속적 음식을 먹을 수 있는 거리",경기도 안산시 상록구 중보로 57,경기도 안산시 상록구 이동 716,37.308335,126.852778,3400,105,2013,031-481-2232,안산시청,2021-08-31,3930000,경기도 안산시
안산상록수가구거리,안산시 유일의 가구유통매장 밀집지역으로 다양한 가구를 전시 및 할인 판매하고 있음,경기도 안산시 상록구 용신로 431,경기도 안산시 상록구 본오동 1114-10,37.301729,126.867071,510,41,2013,031-481-2829,안산시청,2021-08-31,3930000,경기도 안산시
안산패션타운,"안산시 사동에 소재한 의류 상설할인매장으로 의류 유통업체가 다수 밀집되어 있어, 상시할인를 진행중에 있음",경기도 안산시 상록구 삼리로 49,경기도 안산시 상록구 사동 1530,37.304899,126.844078,620,120,2013,031-481-2829,안산시청,2021-08-31,3930000,경기도 안산시
안산패션일번가,안산시 고잔동에 위치한 의류상설할인매장으로 다양한 종류의 의류 유통업체가 입점하여 상시할인중인 장소임,경기도 안산시 단원구 중앙대로 907,경기도 안산시 단원구 고잔동 541,37.317144,126.837441,250,120,2013,031-481-2829,안산시청,2021-08-31,3930000,경기도 안산시
삼도2동 문화예술의거리,2009년 제주대학교 병원의 아라동 이전으로 인하여 기존 상권의 침체로 인한 빈 점포 증가 및 유동인구 감소로 공동화 현상이 심화됨에 따라 지역의 문화요소를 담아 문화예술의 거리 조성을 통한 문화예술 활동 진흥을 통하여 유동인구 유입 및 자생력 배양으로 지역경제 활성화에 기여하기 위한 목적으로 조성되었습니다.,제주특별자치도 제주시 관덕로6길 15,,,,200,5,2009,064-728-2725,문화예술과,2021-09-17,6510000,제주특별자치도 제주시
누웨마루거리,"누웨는 ‘누에’, 마루는 ‘언덕’을 뜻하는 제주어로 신제주 지형이 누에고치가 누에고치가 꿈틀대는 형상을 닮았다고 해서 지어진 이름이다. 야외무대에서는 주말 저녁이면 문화예술인들의 다양한 문화공연이 열려 여가를 즐길 수 있는 볼거리를 제공하고 있으며 각양각색의 먹을거리로 즐비한 음식점들은 친절서비스로 고객감동을 실천하고 있어 국내외 관광객 및 도민들이 즐겨 찾는 휴식공간이 되고 있다.",제주특별자치도 제주시 연동7길 31,,,,425,100,2018,064-728-8231,연동주민센터,2021-09-17,6510000,제주특별자치도 제주시
익산문화예술의거리,익산시 구도심 일원 KTX역세권과 연계한 주거문화상업 아트지구,전라북도 익산시 중앙로(중앙동2가),전라북도 익산시 중앙동2가 45,35.938749,126.948131,300,79,2012,063-859-5826,익산시청 문화관광과,2021-09-17,4680000,전라북도 익산시
충무동 골목시장 고갈비특화거리,"충무동 골목시장에 추억의 향토음식인 고갈비를 특화한 거리로 골목시장 사거리에 있는 일명 파전골목을 기존 건물의 간판 등을 모두 철거·정비하고, 시장아치, 유도사인물 보수와 리모델링하여 고갈비전문 음식점 (12개 업소와 7개 이동식판매대)으로 변모하여 손님 맞이에 나서고 있다",부산광역시 서구 충무시장길 30(충무동1가),부산광역시 서구 충무동1가 29-1,35.095266,129.023267,568,98,2017,051-240-4475,부산광역시 서구청,2021-09-16,3260000,부산광역시 서구
문화의거리,"울산동헌과 문화의거리가 상가 주변에 위치하고 있어 원도심 도보 여행 코스로 적정한 장소이며, 거리내 다수의 미술작품이 설치되어 있고 거점건물에는 파사드를 설치하여 볼거리가 풍부한 지역이다.  ○ 중앙길상가 내 문화의거리 주변에는 문화예술업종이 50개소(갤러리, 공방, 조각 등)가 입점되어 있으며, 2019년 올해의 관광도시로 지정된 지역이다.",울산광역시 중구 중앙길 119,울산광역시 중구 성남동 87-5,35.5558782926,129.320005,880,110,2009,052-290-3660,울산광역시 중구청,2021-09-16,3690000,울산광역시 중구
젊음의거리,"중앙전통시장과 연결되어 있으며 울산지역에서 젊은층(10~30대)의 유동인구가 가장 많은 지역이다.  ○ 인근에 대형 주차장이 다수 위치하고 있어 접근성이 좋으며, 전구간이 아케이드가 설치되어 있고,각종 조형물과 볼거리가 많은 지역이며, 대형영화관과 쇼핑 아울렛이 위치하고 있다.",울산광역시 중구 젊음의거리 49,울산광역시 중구 성남동 219-77,35.5540292480,129.3194367,500,177,2007,052-290-3310,울산광역시 중구청,2021-09-16,3690000,울산광역시 중구
울주 언양봉계 한우불고기특구,한우불고기 판매 점포,울산광역시 울주군 언양읍 헌양길,,,,2000,26,2006,052-204-1624,울산광역시 울주군청,2021-11-03,3730000,울산광역시 울주군
울주 언양봉계 한우불고기특구,한우불고기 판매 점포,울산광역시 울주군 두동면 계명1길,,,,500,12,2006,052-204-1624,울산광역시 울주군청,2021-11-03,3730000,울산광역시 울주군
서초음악문화지구,클래식 문화예술 특화거리,남부순환로317길,서울특별시 서초구 서초동 1475,,,410109,176,2018,02-2155-6202,서울특별시 서초구청,2021-10-22,3210000,서울특별시 서초구
송도꽃게거리,"꽃게의 제철에 송도유원지 앞에서 인천상륙작전기념관 앞까지 이르는 길에는 꽃게요리를 맛보려는 차량행렬과 사람물결이 이어진다. 이곳이 바로 꽃게탕을 주메 뉴로 하는 음식점이 밀집되어 있는 꽃게거리다. 인천 사람도 많지만 서울이나 인근 수도권에서 일부러 꽃게요리를 맛보기 위해 찾는 발길도 많다. 제철이 따로 있다지만 저장기술이 발달한 요즈음은 사시사철 속이 꽉 찬 꽃게를 맛볼 수 있다. 유원지와 기념관, 시립박물관 등이 지척이라 가족나들이 코스로도 손색없다.","인천광역시 연수구 능허대로217,인권로8,대암로22번길 일원","인천광역시 연수구 옥련동 555-2, 옥련동 550",37.416619,126.650713,82,9,1998,032-749-7952,인천광역시 연수구청,2021-10-25,3520000,인천광역시 연수구
연수동음식문화시범거리,"음식문화시범거리는 연수동 소재의 음식점 밀집지역인 맛 고을길 을 중심으로 하여 상차람 간소화 운동을 비롯한 좋은 식단 운동을 실천하는 업소들을 선정하여 지정한 거리이다. 이 거리에서는 특색 있고 맛깔스러우면서도 안전한 먹거리를 제공하여 찾는 이들이 보다 수준 높은 음식문화를 누릴 수 있도록 할 것이다. 더불어 이곳에 오면 구이류, 찌게류, 회 등 다양한 음식으로 골고루 맛 볼 수 있다.","인천광역시 연수구 샘말로 21.30.38.43.44번길,청능대로 113번길 일원",인천광역시 연수구 연수동 628-12,37.41243422,126.6784491,232,137,2007,032-749-7952,인천광역시 연수구청,2021-10-25,3520000,인천광역시 연수구
선학동음식문화시범거리,먹자거리,인천광역시 연수구 학나래로 6.14.22.46.118번길 일원,인천광역시 연수구 선학동 408-5,37.42447097,126.697457,590,117,2013,032-749-7952,인천광역시 연수구청,2021-10-25,3520000,인천광역시 연수구
영동 와인삼겹살거리,10여개 와인과 삼겹살이 조화되는 식당이 있는 거리,충북 영동군 영산로3길,,,,2773,7,2015,043-740-3791,충북 영동군청,2021-10-20,4440000,충청북도 영동군
하남시 문화의거리,"지역 특색에 맞는 테마를 반영한 거리의 조성으로 시민들에게 삶의 쉼과 여유, 문화 향유 기회 제공",경기도 하남시 미사강변동로 95,경기도 하남시 망월동 109-8,37.5630381341,127.1928368229,660,180,2022,031-790-5526,하남시청 문화체육과,2021-10-21,4040000,경기도 하남시
문화의 거리 및 명소화 거리,"차없는 길로 길거리공연 등 문화행사 진흥, 쾌적한 보행환경과 아름다운 경관조성","충청북도 제천시 풍양로13길, 15길","충청북도 제천시 중앙로1가 221-1, 226",37.1371976195,128.211411,400,120,2002,043-641-6284,충청북도 제천시청,2021-10-25,4400000,충청북도 제천시
젊음의 거리,"골목에서 풍기는 매력적인 자원들을 이용하여 편안하게 걷고, 휴식하며 자기를 표현할 수 있는 문화공간의 가교 역할",경기도 안성시 대천동 80번지 일원,,,,500,150,2012,031-678-2492,안성시 문화관광과,2021-03-15,4080000,경기도 안성시
공도 걷고 싶은 거리,"상점 이용뿐 만이 아닌 NEW WAVE센터를 중심으로 목공예, 소믈리에 과정 등 다양한 체험활동이 가능함",경기도 안성시 공도읍 승두3길 7-7,,,,500,118,2011,031-678-2492,안성시 문화관광과,2021-03-15,4080000,경기도 안성시
안성맞춤먹거리타운,"아파트 단지와 대학교 사이에 자리잡고 있어 젊은층이 좋아하는 호프집, 선술집 및 퓨전, 프렌차이즈 음식점과 직장인이 회식하기 용이한 고기구이집이 주를 이룸",경기도 안성시 한경대후문 일원,,,,500,50,2008,031-678-2492,안성시 문화관광과,2021-03-15,4080000,경기도 안성시
강릉월화거리,무월랑과 연화낭자의 이야기가 있는 명소거리,강원도 강릉시 경강로,강원도 강릉시 임당동 113-2,37.75563378,128.8980239,2000,76,2017,033-640-5643,강원도 강릉시청,2021-03-09,4200000,강원도 강릉시
웨딩거리,웨딩관련 업종의 상가가 밀집,"전라북도 전주시 완산구 전라감영 2,3,4,5길",전라북도 전주시 완산구 중앙동3가 102-5,35.8167099,127.144755,550,94,2003,063-281-2076,전라북도 전주시청,2021-08-31,4640000,전라북도 전주시
영화의거리,구도심 영화관이 밀집한 거리,"전라북도 전주시 완산구 전주객사 3,4길",전라북도 전주시 완산구 고사동 362-3,35.820859,127.143038,310,105,2003,063-281-2076,전라북도 전주시청,2021-08-31,4640000,전라북도 전주시
동문문화거리,한옥마을과 인접해 각종 문화시설 밀집,전라북도 전주시 완산구 동문길,전라북도 전주시 완산구 경원동2가 24-6,35.817999,127.148936,810,73,2003,063-281-2076,전라북도 전주시청,2021-08-31,4640000,전라북도 전주시
공구의거리,공구 관련 상가들이 밀집한 거리,전라북도 전주시 완산구 대동로,전라북도 전주시 완산구 고사동 227-19,35.822422,127.142728,830,136,2003,063-281-2076,전라북도 전주시청,2021-08-31,4640000,전라북도 전주시
생연음식문화특화거리,동두천 생연음식문화거리는 동두천의 생골과 연동마을의 첫글자를 따서 생연이라고 하였고 고구려시대부터 있었던 아담한 연못에서 유래하였습니다 생연로에 오시면 동두천의 역사를 간직한 중앙에 위치하고 있으며 이곳에는 내고향 최고의 맛집에 소개된 설렁탕과 한우구이를 비롯한 횟집과 삼계탕 중국음식으로 특이한 북경면등 다양한 음식업소가 밀집된 동두천의 역사이자 문화를 지닌 지역입니다,경기도 동두천시 생연로 172,경기도 동두천시 생연동 587-16,37.9077377,127.0531418,800,60,2013,031-860-2459,동두천시청 농업축산위생과,2021-09-01,3920000,경기도 동두천시
보산동 외국인관광특구 특화거리,"보산동 외국인관광특구 특화거리는 동두천에 미군이 주둔하면서 자연발생적으로 조성된 이국적인 거리이며, 이 거리에 공방, 음악 등이 자리를 잡으며 세계의 다양한 볼거리, 즐길거리, 먹을거리가 있는 특화거리입니다.",경기도 동두천시 상패로216번길 42,경기도 동두천시 보산동 429-4,37.9157805,127.0564722,1200,228,1997,031-860-2727,동두천시청 전략사업과,2021-09-01,3920000,경기도 동두천시
캠프보산월드푸드스트리트,보산동 외국인 관광특구의 경제 활성화를 위하여 동두천시와 경기문화재단이 협업하여 다양한 세계음식을 체험할 수 있는 음식문화 거리입니다.,경기도 동두천시 상패로216번길 42,경기도 동두천시 보산동 429-4,37.9157805,127.0564722,150,15,2020,031-860-2727,동두천시청 전략사업과,2021-09-01,3920000,경기도 동두천시
이천동고미술거리,"1960년대부터 형성된 문화재매매업소가 모여있는 곳으로 과거 우리선인들이 사용한 민속품,도자기,고가구를 많이 보유하고 있고,현대인에게 생소한 조상들의 생필품들이 가득하여 구경하는 재미가 솔솔하다. 외국인에게 인기가 많으며 특히,일본인은 지도와 정보를 입수하여 찾아온다고 한다. 외국인에게 많은 사랑을 받으며 경외감을 주는 우리 고미술품에 우리나라사람들의 관심과 사랑이 어느때보다 필요하다. 고미술품에 관심이 있다면 꼭 한번 방문할 만한 관광지로 추천한다.",대구광역시 남구 이천로32길,대구광역시 남구 이천동 399-3번지,,,800,50,2008,053-664-3252,대구광역시 남구청,2021-08-26,3440000,대구광역시 남구
대명공연거리,소극장 등 공연단체를 중심으로 형성된 공연 거리,"대구광역시 남구 명덕로, 현충로, 계명중앙1길",대구광역시 남구 대명3동,,,500,35,2010,053-664-3263,대구광역시 남구청,2021-08-26,3440000,대구광역시 남구
앞산카페거리,"일반주택들을 커피숍으로 리모델링 되어 형성된 대구광역시 남구 대명9동 일대를 앞산카페거리라 한다이곳에는 갤러리카페, 양옥집을 개조한 이탈리아 레스토랑 등 약50여개의 다양하고 매력적인 공간들이 즐비해 도심속의 이국적인 분위기를 연출한다또한 흐트러지게핀 벚꽃과, 이팝나무의 새하얀 꽃을 보며 봄의 정취를, 여름엔 앞산에서 불어오는 시원한 바람이, 가을에는 가로수들 사이로 떨어지는 은행잎을 밟으며 가을 낭만도 한껏 느낄수 있고, 겨울앤 앙상한 가지에 수천개가 넘는 꼬마전구의 화려한 빛의 향연을 볼 수 있다",대구광역시 남구 현충로 13~50 및 대명남로 157~193 일대,,,,1000,85,2010,053-664-2762,대구광역시 남구청,2021-08-26,3440000,대구광역시 남구
안지랑곱창골목,"안지랑 오거리에서 앞산 안지랑골로 통하는 길 중간에 형성된 안지랑 시장은 화려한 명성을 뒤로 하고 최근 양념 곱창집이 들어차 새로운 활력이 되고 있다. 1979년 경 안지랑 시장 쪽에 충북식당을 시작으로 1998년 IMF이후 생계유지 업소가 늘어나기 시작해 오늘에 이르렀다. 서민들이 부담없이 즐길수 있는 휴식처이자 최근엔 젊은층이 주도하는 젊음의 거리로 발전하였으며, 2012년도 전국5대 음식테마거리, 2015 한국관광100선에 선정되는 등 남구대표 맛거리로 전국은 물론 해외관광객들이 자주 찾는 명소이다",대구광역시 남구 대명로 36길 일대,,,,500,70,2011,053-664-2762,대구광역시 남구청,2021-08-26,3440000,대구광역시 남구
남구바다맛길,대구문화예술회관 옆 성당못에서 서부정류장쪽으로 달리다 보면 왼편에 대형 회타운이 보인다. 여기가 속칭 남구 대명10동 ’복개천 번개어시장 회골목’. 93년쯤 복개천이 완공되자 수산물 도매상인들까지 대거 이곳으로 몰려들어 전성기엔 40개 업소가 북적 거렸다고 한다.,대구광역시 남구 대명복개로 9-2~대명복개로 30일대,,,,200,31,2011,053-664-2762,대구광역시 남구청,2021-08-26,3440000,대구광역시 남구
앞산맛둘레길,1950년대부터 앞산공원이 개발되고 등산객들을 상대로 하는 식당들이 생겨났음. 앞산순환도로를 따라 지금처럼 많은 음식점들이 들어서게 되었으며 규모와 분위기는 들안길과 비슷하지만 앞산이라는 자연경관과 함께 여유롭게 즐길수 있는 곳임,대구광역시 남구 앞산순환로 351~앞산순환로 559일대,,,,1500,70,2010,053-664-2762,대구광역시 남구청,2021-08-26,3440000,대구광역시 남구
봉덕맛길,"봉덕 구길의 맛 집 등을 재정비하여 찾아가고 싶고 맛이 어우러지는 옛 향기골목으로 새로이 조성하고자 2009년부터 정비공사를 실시하여 현재에 이러렀고 미식가들에게 휴식공간을 제공하고 안전한 먹거리, 특색있는 맛집골목으로 독창성을 발휘하여 남구의 새로운 랜드마크로 거듭났다.",대구광역시 남구 중앙대로 22길 146~중앙대로 22길 273일대,,,,700,84,2009,053-664-2762,대구광역시 남구청,2021-08-26,3440000,대구광역시 남구
강풀만화거리,지역 유명 작가의 만화(웹툰)과 마을 이야기를공공미술로 재구성한 이야기 골목길,서울시 강동구 천호대로 164길 4-1,서울특별시 강동구 성내동 160-18번지,37.5360829,127.1280477,1000,40,2013,3425-6130,도시경관과,2021-08-26,3240000,서울특별시 강동구
낙지특화거리,"버스터미널 주변상가 및 노점상에서 무안갯벌에서잡은 낙지를 요리 및 판매한는 사람들이 생겨나면서 낙지골목이란 명칭으로 불리우기 시작 현재 약 50여개상가중 39개 점포가 낙지 도소매 상가 및 낙지요리 식당입니다. 낙지요리에는 연포탕, 회무침, 비빔밥, 호롱 등이있습니다.",전라남도 무안군 무안로 497-1,전라남도 무안군 무안읍 성동리 1046,34.98812618,126.4781811,500,50,2018,061-450-5020,보건소,2021-08-24,4950000,전라남도 무안군
인주장어촌,1970년대 아산만과 삽교천이 낚시로 유명해지면서 발전하기 시작한 장어특화거리,충청남도 아산시 인주면 아산만로 1520번길 11,,36.861626,126.868861,890,7,2009,041-540-2325,충청남도 아산시,2020-09-15,4520000,충청남도 아산시
염치한우촌,20여년전 아산 도축장이 있을 때 부터 자연적으로 형성된 한우 특화거리,충청남도 아산시 염치읍 염성길 105,충청남도 아산시 염치읍 염성리 264-1,36.815717,126.9726822,200,9,2009,041-540-2325,충청남도 아산시,2020-09-15,4520000,충청남도 아산시
온주맛고을,새로이 조성된 먹거리촌으로 다양한 먹거리와 함께 각종 문화재 등 주변 볼거리를 즐길 수 있다.,충청남도 아산시 외암로 1400(읍내동),충청남도 아산시 읍내동 288-3,36.76078763,127.0168754,400,17,2015,041-540-2325,충청남도 아산시,2020-09-15,4520000,충청남도 아산시
청정골 화순음식문화거리,도곡 온천지구 내 일반음식점,전라남도 화순군 도곡면 천암길,전라남도 화순군 도곡면 원화리 618,,,4100,67,2012,061-379-3491,전라남도 화순군청,2020-12-18,4900000,전라남도 화순군
걷고 싶은거리,"걷고싶은 안성맞춤 명품거리에 가로수 조성을 구간별로 마중길, 신명길, 나래길로 구성.“안성의 장인정신,문화 예술이 세계의 중심에 서다” 의 상징적 의미를 두고 있음.","경기도 안성시 남파로, 중앙로 일원",,,,4500,30,2012,031-678-2492,안성시 문화관광과,2021-03-15,4080000,경기도 안성시
백양사 먹거리타운,"봄에는 벚꽃이, 여름에는 신록이, 가을에는 단풍이, 겨울에는 설경이 아름다운 백양사 일원에 황금밥상(연잎밥, 황금두부, 쌈밥 등) 거리 조성",전라남도 장성군 북하면 백양로,,35.427976,126.879276,400,14,1990,061-390-7312,장성군청,2021-07-06,4980000,전라남도 장성군
장성호 미락단지,"장성호 하류의 미락단지는 조선시대부터 민물고기 전문요리가 이어져 왔으며 메기탕, 메기찜, 빠가탕 등이 유명하다",전라남도 장성군 장성읍 미락단지길,,35.343484,126.816809,1000,13,2000,061-390-7312,장성군청,2021-07-06,4980000,전라남도 장성군
장성읍 먹거리타운,남도 어머니의 손맛이 느껴지는 애호박찌개는 두툼하게 썬 애호박 특유의 향과 아삭함이 매력적임,전라남도 장성군 장성읍 청운길,,35.299882,126.780184,380,20,2000,061-390-7312,장성군청,2021-07-06,4980000,전라남도 장성군
보세거리,"중구의 아케이드를 최초로 설치한 보세품목 전문 특화거리로 여성의류, 아동의류, 잡화품목이 분포하여 있다.",울산광역시 중구 먹자거리 25,울산광역시 중구 성남동 247-2,35.5547544126,129.320971,120,55,2011,052-290-3320,울산광역시 중구청,2021-09-16,3690000,울산광역시 중구
중앙전통골목시장,"재래상가가 즐비했던 곳에 아케이드를 설치하여 전통과 현대가 어우러진 전통시장으로 중구를 대표하는 골목시장이다. 치킨, 곰장어요리 등 먹을거리와 다양한 의류, 잡화점이 형성되어 있다.",울산광역시 중구 중앙시장1길 4,울산광역시 중구 옥교동 96-4,35.5546970244,129.321947,500,288,1974,052-290-3310,울산광역시 중구청,2021-09-16,3690000,울산광역시 중구
학성가구전문거리,"가구전문 특화거리로 1980년대부터 매장마련이 용이하며 지가가 저렴한 가구점들이 모여들어 형성되었다. 법령상 근거가 마련된 이후 16년도에 상점가 등록이 되었으며, 울산 대표 가구거리로 많은 고객들이 방문하고 있다.",울산광역시 중구 학성동가구전문거리,울산광역시 중구 학성동 207-1,35.555928,,455,52,2016,052-290-3310,울산광역시 중구청,2021-09-16,3690000,울산광역시 중구
태화십리대숲먹거리단지,"1993년부터 형성되기 시작한 태화십리대밭 먹거리단지는 강변 2㎞에 140여개의 음식점이 다양한 메뉴를 취급하면서 운영 중임. ○ 2019년 7월 제2호 국가정원으로 지정된 ‘태화강국가정원’, 십리에 걸쳐 강변의 푸름을 자랑하는 전국 유일의 ‘십리대숲’, 차를 마시면서 태화강을 한눈에 감상할 수 있는 ‘태화강 전망대’, 마치 견우와 직녀가 만나던 오작교를 연상케 하는 아름다운 다리 ‘십리대밭교’가 가까이 있어 자연경관이 아름다운 지역임.",울산광역시 중구 태화강국가정원길1,울산광역시 중구 태화동 942-15,35.5551500432,129.276149,2000,140,2007,052-290-3730,울산광역시 중구청,2021-09-16,3690000,울산광역시 중구
울산큰애기야시장,"2015년도 전통시장 야시장조성사업에 공모신청 하여 선정된 전국 2개 시장 중 하나이다. 울산 지역 최초의 상설 야시장으로 원도심 중앙 전통시장 일대에 국내 최장 및 최대 규모로 조성되었다. 먹거리, 볼거리, 즐길 거리가 풍부한 생활형 관광 야시장 육성을 목표로 하고 있으며, 폭넓은 연령층이 선호하는 다양한 먹거리를 35개 식품판매대에서 판매하고 있으며 각종 프로그램을 운영하고 있다. 연중 상설로 매주 화요일부터 일요일 오후 7시부터 다음날 오전 1시까지 열린다.○1구간 : 사주문입구 ~ 뉴코아아울렛(170m), 젊은층 유입을 위한 다양한 먹거리를 판매○2구간 : 오거리 ~ 보세거리(110m), 기성세대 중심의 먹거리 구간○3구간 : 오거리 ~ 농협 옥교동지점 앞(110m), 환경 개선사업을 통해 포장마차 특화거리로 조성",울산광역시 중구 번영로 329,울산광역시 중구 옥교동 120-2,35.5548406348,129.323431,390,35,2015,052-290-3320,울산광역시 중구청,2021-09-16,3690000,울산광역시 중구
혁신도시명품음식거리,"혁신도시 종가로 7블럭 일대 거리 480m 구간에 울산 중구를 대표하는 전문 식당과 프리미엄 카페 50여 곳이 들어서는 명품음식거리 조성 사업이 진행 중이다. 중구의 기존 원도심 음식특화거리가 시민들이 부담없이 이용할 수 있는 맛있고 저렴한 음식을 위주로 조성되었다면, 이곳은 고급스런 음식과 품격있는 서비스로 차별화되는 프리미엄 음식 거리이다. 귀한 손님을 대접하고자 할 때 즐겨찾는 음식거리를 테마로 간판, 조형물, 주차장 등 세세한 부분까지 고려하여 관광도시 종갓집 중구의 또 다른 매력을 보여주고 있다. 현재 울산의 대표 맛집 함양집을 비롯한 10여 개의 업체가 성업 중이다.",울산광역시 종가7길 일대,울산광역시 중구 복산동 278-1,35.567492,129.328458,480,50,2015,052-290-3730,울산광역시 중구청,2021-09-16,3690000,울산광역시 중구
상상길,한국의 아름다움을 상상하고 한국을 보고싶어하는 전 세계인의 마음을 모아 오색블록에 이름을 새겨 조성한 길,창원시 마산합포구 동서북 10길,,35.206651,128.576475,155,70,2015,055-225-3701,경상남도 창원시청,2021-08-31,5670000,경상남도 창원시
마산아구찜거리,"창원(옛 마산)을 상징하는 요리중 하나로 건아귀로 만드는 마산아구찜만의 특유의 쫀득함과 담백함으로 전국적인 인기를 끌면서, 조리법을 배우거나 스스로 익힌 아구 요리 전문점이 하나 둘 생겨나 지금의 아구찜 거리가 형성되었다.",창원시 마산합포구 아구찜길,,35.205586,128.578445,350,17,2016,055-225-3701,경상남도 창원시청,2021-08-31,5670000,경상남도 창원시
영덕대게거리,200여개의 대게상가들이 밀집해있는 음식테마거리,경상북도 영덕군 강구면 강구대게길 31-2,경상북도 영덕군 강구면 강구리 475,36.3585604225,129.3837963454,1800,170,2015,054-730-6393,경상북도 영덕군청,2021-09-15,5180000,경상북도 영덕군
신장쇼핑몰거리,송탄 관광특구내 미군 기지를 중심으로 쇼핑과 유흥 시설이 들어선 거리,경기도 평택시 쇼핑로 35 (신장동),경기도 평택시 신장동 324-11,37.081216,127.053327,245,350,1997,031-8024-3291,경기도 평택시청,2021-09-13,3910000,경기도 평택시
창동 먹자골,음식점 특화거리,경기도 여주시 세종로 40번길 15,경기도 여주시 창동 146-3,37.294978,127.634085,44,78,2012,031-887-2272,경기도 여주시청,2021-09-09,5700000,경기도 여주시
중촌동 맞춤거리 상점가,옷맞춤 특화거리,대전광역시 중구 동서대로 1421번길 33(중촌동),대전광역시 중구 중촌동 411-5,36.33614052,127.4124519,450,50,2011,042-606-7223,대전광역시 중구,2021-09-10,3650000,대전광역시 중구
충무자동차거리 상점가,자동차 특화거리,대전광역시 중구 충무로 122-1(대사동),대전광역시 중구 대사동 69-46,36.3186165,127.4304265,770,70,2012,042-606-7223,대전광역시 중구,2021-09-10,3650000,대전광역시 중구
문화의 거리,"시장활성화, 특색있는 거리 조성, 보행환경개선를 위해 2009년도 조성",경상북도 영주시 구성로350번길,경상북도 영주시 영주동 377-3,36.8239565,128.6241382,245,170,2009,054-639-6662,경상북도 영주시청,2020-07-22,5090000,경상북도 영주시
미조항 음식특구,"남해의 싱싱한 활어회와 멸치, 갈치 등을 맛볼 수 있는 40여개의 음식점이 몰려 있음(미조면 미조로 ~ 미송로)",경상남도 남해군 미조면 미조로,,34.71222798,128.0466123,863,35,2015,055-860-8741,남해군보건소,2021-03-29,5430000,경상남도 남해군
나무전거리,"목재,문짝,씽크대,합판 등을 취급하고 창호를 비롯한 문 가공하는 거리",광주광역시 동구 경양로 300-1,광주광역시 동구 동명동 253,35.1503703,126.9257155,610,95,2008,062-608-2372,광주광역시 동구청,2021-03-26,3590000,광주광역시 동구
예술의거리,"갤러리와 화방,표구점,골동품점, 소극장, 전통찻집이 모여있는 거리",광주광역시 동구 예술길 24,광주광역시 동구 궁동 52-2,35.1506203,126.9184408,606,180,1987,062-608-2403,광주광역시청,2021-03-26,3590000,광주광역시 동구
전자의거리,"가전제품,전자부품,음향기기,전기자재,CCTV,컴퓨터,영상 및 방송시설 등 전자상가 중심의 상점거리",광주광역시 동구 독립로264번길 25,광주광역시 동구 대인동 27,35.1525981,126.9125593,210,123,2007,062-608-2372,광주광역시 동구청,2021-03-26,3590000,광주광역시 동구
아시아음식문화거리,각국의 음식과 문화를 맛보고 체험할 수 있는 음식테마거리 조성,광주광역시 동구 문화전당로35번길 18-1,광주광역시 동구 광산동 92-19,35.1453711,126.917253,600,170,2007,062-608-2413,광주광역시 동구청,2021-03-26,3590000,광주광역시 동구
모다 먹거리,"쇼핑, 교통, 숙박시설 등 입지조건이 우수하고 다양한 메뉴의 110여개소의 음식점이 밀집되어 있는 거리",대구광역시 달서구 달서대로85길 9,대구광역시 달서구 호림동 22,35.83711593,128.4906162,780,126,2008,053-667-2782,대구광역시 달서구청,2021-03-22,3470000,대구광역시 달서구
수밭골 웰빙음식거리,"농림축산식품부 주관 우수외식업지구로 선정되었으며 친환경, 우수농산물을 사용한 슬로우 푸드를 주로 판매하는 웰빙음식거리",대구광역시 달서구 수밭길 50,대구광역시 달서구 도원동 1119,35.79589345,128.5478363,592,34,2014,053-667-2782,대구광역시 달서구청,2021-03-22,3470000,대구광역시 달서구
허준테마거리,의성 허준과 동의보감의 우수성과 가치를 강조한 상징물들로 꾸며진 강서구 대표 테마거리,서울특별시 강서구 양천로 55길 등,서울특별시 강서구 가양동 1477-2,37.565917,126.849859,866,0,2014,02-2600-6804,서울특별시 강서구청,2021-03-16,3150000,서울특별시 강서구
부평문화의거리,차없는 거리로 지정된 각종 공연과 다양한 문화가 있는 인천 최대 규모의 의류 중심 거리,인천광역시 부평구 부평문화로,인천광역시 부평구 부평동 201-141,37.494172,126.725059,270,141,2013,032-509-6540,인천광역시 부평구청,2021-03-18,3540000,인천광역시 부평구
걷고싶은거리,구도심 지역에 위치한 상가 밀집 거리,"전라북도 전주시 완산구 전주객사 4,5길",전라북도 전주시 완산구 고사동 203-6,35.820152,127.144989,830,142,2003,063-281-2076,전라북도 전주시청,2021-08-31,4640000,전라북도 전주시
차이나거리,중국 소주시와 자매결연을 기념으로 조성된 거리,"전라북도 전주시 완산구 전라감영 2길, 풍남문 2길",전라북도 전주시 완산구 다가동1가 44-1,35.815381,127.141925,250,42,2003,063-281-2076,전라북도 전주시청,2021-08-31,4640000,전라북도 전주시
담빛길,"과거 죽물시장에서부터 시작된 죽공예의 전통문화유산, 관방천과 대숲이 어우러지는 생태문화가 공존되어 있는 담양의 원도심 구간",전라남도 담양군 담양읍 객사길,전라남도 담양군 담양읍 객사3길 1,34.6554368,126.7728384,1000,20,2016,061-380-2802,담양군청,2021-09-29,4850000,전라남도 담양군
짬뽕특화거리,전통과 특색있는 군산의 짬뽕 관광자원을 활용 특화거리 조성,전라북도 군산시 동령길 57,전라북도 군산시 장미동 21-5,35.989033,126.713992,779,4,2019,063-454-3413,군산시청,2021-09-16,4670000,전라북도 군산시
꽃바위 외국인 특화거리,"내국인 및 외국인의 자연스러운 방문과 활발한 문화교류의 글로벌 문화거리를 조성하고, 체계적인 가로정비를 통해 안전하고 쾌적한 거리를 조성하여 질높은 관광체험 제공 및 체류시간 연장으로 지역경제 활성화 유도",울산광역시 동구 남진길,울산광역시 동구 방어동 1146-33,35.480919,129.416137,1300,43,2016,052-209-3368,울산광역시 동구청,2021-09-27,6310000,울산광역시
삼산디자인거리,"울산의신흥 쇼핑메카로 음식점, 카페, 책방, 악세사리점 등 쇼핑과 먹거리에  대한 정보를 제공받을 수있음.",울산광역시 남구 삼산중로74,울산광역시 남구 삼산동 1527-1,35.539902,129.337327,416,131,2010,052-226-4844,울산광역시 울산남구청,2021-09-27,6310000,울산광역시
바보디자인거리,"울산대학교의 대학로로 음식점, 카페, 책방, 악세사리점 등 쇼핑과 먹거리에  대한 정보를 제공받을 수있음.",울산광역시 남구 대학로84,울산광역시 남구 무거동 632,35.543225,129.2607508,395,146,2010,052-226-4844,울산광역시 울산남구청,2021-09-27,6310000,울산광역시
왕생이길(1구간),달동문화공원과 연계한 문화 예술거리로 카페와 음식점이 형성되어 있음,울산광역시 남구 왕생로,울산광역시 남구 달동 1323,35.544702,129.328717,418,49,2012,052-226-4844,울산광역시 울산남구청,2021-09-27,6310000,울산광역시
왕생이길(2구간),"울산의 역사, 문화가 어우러진 예술이 어우러진 거리로 다양한 음식점과 웨딩관련 상점들이 조성되어 있음",울산광역시 남구 왕생로,울산광역시 남구 달동 1368-5,35.540425,129.331591,535,138,2016,052-226-4844,울산광역시 울산남구청,2021-09-27,6310000,울산광역시
젊음의거리,"○ 중앙전통시장과 연결되어 있으며 울산지역에서 젊은층(10~30대)의 유동인구가 가장 많은 지역임. ○ 인근에 대형 주차장이 다수 위치하고 있어 접근성이 좋으며, 전구간이 아케이드가 설치되어 있고 각종 조형물과 볼거리가 많은 지역이며, 대형영화관과 쇼핑 아울렛이 위치하고 있음.",울산광역시 중구 젊음의거리 15,울산광역시 중구 성남동 191-43,35.553533,129.317315,500,177,2007,052-290-3320,울산광역시 중구청,2021-09-27,6310000,울산광역시
태화십리대밭먹거리,"○ 1993년부터 형성되기 시작한 태화십리대밭 먹거리단지는 강변 2㎞에 100여개의 음식점이 다양한 메뉴를 취급하면서 운영 중임. ○ 전국 최고의 화훼단지 ‘태화강대공원’, 십리에 걸쳐 강변의 푸름을 자랑하는 전국 유일의 ‘십리대밭’, 차를 마시면서 태화강을 한눈에 감상할 수 있는 ‘태화강 전망대’, 마치 견우와 직녀가 만나던 오작교를 연상케 하는 아름다운 다리 ‘십리대밭교’가 가까이 있어 자연경관이 아름다운 지역임.",울산광역시 중구 내오산로 61,울산광역시 중구 태화동 942-22,35.554921,129.277118,1500,95,2007,052-290-3320,울산광역시 중구청,2021-09-27,6310000,울산광역시
